食品名,エネルギー（kcal）
アマランサス　玄穀,343
あわ　精白粒,346
あわ　あわもち,210
えんばく　オートミール,350
おおむぎ　七分つき押麦,343
おおむぎ　押麦　乾,329
おおむぎ　押麦　めし,118
おおむぎ　米粒麦,333
おおむぎ　大麦めん　乾,343
おおむぎ　大麦めん　ゆで,121
おおむぎ　麦こがし,368
キヌア　玄穀,344
きび　精白粒,353
こむぎ　［玄穀］　国産　普通,329
こむぎ　［玄穀］　輸入　軟質,344
こむぎ　［玄穀］　輸入　硬質,332
こむぎ　［小麦粉］　薄力粉　1等,349
こむぎ　［小麦粉］　薄力粉　2等,345
こむぎ　［小麦粉］　中力粉　1等,337
こむぎ　［小麦粉］　中力粉　2等,346
こむぎ　［小麦粉］　強力粉　1等,337
こむぎ　［小麦粉］　強力粉　2等,343
こむぎ　［小麦粉］　強力粉　全粒粉,320
こむぎ　［小麦粉］　プレミックス粉　お好み焼き用,335
こむぎ　［小麦粉］　プレミックス粉　ホットケーキ用,360
こむぎ　［小麦粉］　プレミックス粉　から揚げ用,311
こむぎ　［小麦粉］　プレミックス粉　天ぷら用,337
こむぎ　［小麦粉］　プレミックス粉　天ぷら用　バッター,132
こむぎ　［小麦粉］　プレミックス粉　天ぷら用　バッター　揚げ,588
こむぎ　［パン類］　角形食パン　食パン,248
こむぎ　［パン類］　角形食パン　焼き,269
こむぎ　［パン類］　角形食パン　耳を除いたもの,226
こむぎ　［パン類］　角形食パン　耳,273
こむぎ　［パン類］　食パン　リーンタイプ,246
こむぎ　［パン類］　食パン　リッチタイプ,256
こむぎ　［パン類］　山形食パン　食パン,246
こむぎ　［パン類］　コッペパン,259
こむぎ　［パン類］　乾パン,386
こむぎ　［パン類］　フランスパン,289
こむぎ　［パン類］　ライ麦パン,252
こむぎ　［パン類］　全粒粉パン,251
こむぎ　［パン類］　ぶどうパン,263
こむぎ　［パン類］　ロールパン,309
こむぎ　［パン類］　クロワッサン　レギュラータイプ,406
こむぎ　［パン類］　クロワッサン　リッチタイプ,438
こむぎ　［パン類］　くるみパン,292
こむぎ　［パン類］　イングリッシュマフィン,224
こむぎ　［パン類］　ナン,257
こむぎ　［パン類］　ベーグル,270
こむぎ　［うどん・そうめん類］　うどん　生,249
こむぎ　［うどん・そうめん類］　うどん　ゆで,95
こむぎ　［うどん・そうめん類］　うどん　半生うどん,296
こむぎ　［うどん・そうめん類］　干しうどん　乾,333
こむぎ　［うどん・そうめん類］　干しうどん　ゆで,117
こむぎ　［うどん・そうめん類］　そうめん・ひやむぎ　乾,333
こむぎ　［うどん・そうめん類］　そうめん・ひやむぎ　ゆで,114
こむぎ　［うどん・そうめん類］　手延そうめん・手延ひやむぎ　乾,312
こむぎ　［うどん・そうめん類］　手延そうめん・手延ひやむぎ　ゆで,119
こむぎ　［中華めん類］　中華めん　生,249
こむぎ　［中華めん類］　中華めん　ゆで,133
こむぎ　［中華めん類］　半生中華めん　,305
こむぎ　［中華めん類］　蒸し中華めん　蒸し中華めん,162
こむぎ　［中華めん類］　蒸し中華めん  ソテー,211
こむぎ　［中華めん類］　干し中華めん　乾,337
こむぎ　［中華めん類］　干し中華めん　ゆで,131
こむぎ　［中華めん類］　沖縄そば　生,266
こむぎ　［中華めん類］　沖縄そば　ゆで,132
こむぎ　［中華めん類］　干し沖縄そば　乾,317
こむぎ　［中華めん類］　干し沖縄そば　ゆで,132
こむぎ　［即席めん類］　即席中華めん　油揚げ味付け,424
こむぎ　［即席めん類］　即席中華めん　油揚げ　乾　（添付調味料等を含むもの）,439
こむぎ　［即席めん類］　即席中華めん　油揚げ　調理後全体　（添付調味料等を含むもの）,100
こむぎ　［即席めん類］　即席中華めん　油揚げ　ゆで　（添付調味料等を含まないもの）,189
こむぎ　［即席めん類］　即席中華めん　油揚げ　乾　（添付調味料等を含まないもの）,453
こむぎ　［即席めん類］　即席中華めん　非油揚げ　乾　（添付調味料等を含むもの）,336
こむぎ　［即席めん類］　即席中華めん　非油揚げ　調理後全体　（添付調味料等を含むもの）,93
こむぎ　［即席めん類］　即席中華めん　非油揚げ　ゆで　（添付調味料等を含まないもの）,139
こむぎ　［即席めん類］　即席中華めん　非油揚げ　乾　（添付調味料等を含まないもの）,334
こむぎ　［即席めん類］　中華スタイル即席カップめん　油揚げ　塩味　乾　（添付調味料等を含むもの）,422
こむぎ　［即席めん類］　中華スタイル即席カップめん　油揚げ　塩味　調理後全体　（添付調味料等を含むもの）,92
こむぎ　［即席めん類］　中華スタイル即席カップめん　油揚げ　塩味　調理後のめん　（スープを残したもの）,175
こむぎ　［即席めん類］　中華スタイル即席カップめん　油揚げ　しょうゆ味　乾　（添付調味料等を含むもの）,417
こむぎ　［即席めん類］　中華スタイル即席カップめん　油揚げ　しょうゆ味　調理後全体　（添付調味料等を含むもの）,90
こむぎ　［即席めん類］　中華スタイル即席カップめん　油揚げ　しょうゆ味　調理後のめん　（スープを残したもの）,142
こむぎ　［即席めん類］　中華スタイル即席カップめん　油揚げ　焼きそば　乾　（添付調味料等を含むもの）,418
こむぎ　［即席めん類］　中華スタイル即席カップめん　油揚げ　焼きそば　調理後全体　（添付調味料等を含むもの）,222
こむぎ　［即席めん類］　中華スタイル即席カップめん　非油揚げ　乾　（添付調味料等を含むもの）,314
こむぎ　［即席めん類］　中華スタイル即席カップめん　非油揚げ　調理後全体　（添付調味料等を含むもの）,66
こむぎ　［即席めん類］　中華スタイル即席カップめん　非油揚げ　調理後のめん　（スープを残したもの）,121
こむぎ　［即席めん類］　和風スタイル即席カップめん　油揚げ　乾　（添付調味料等を含むもの）,437
こむぎ　［即席めん類］　和風スタイル即席カップめん　油揚げ　調理後全体　（添付調味料等を含むもの）,91
こむぎ　［即席めん類］　和風スタイル即席カップめん　油揚げ　調理後のめん　（スープを残したもの）,163
こむぎ　［マカロニ・スパゲッティ類］　マカロニ・スパゲッティ　乾,347
こむぎ　［マカロニ・スパゲッティ類］　マカロニ・スパゲッティ　ゆで,150
こむぎ　［マカロニ・スパゲッティ類］　マカロニ・スパゲッティ　ソテー,186
こむぎ　［マカロニ・スパゲッティ類］　生パスタ　生,232
こむぎ　［ふ類］　生ふ,161
こむぎ　［ふ類］　焼きふ　釜焼きふ,357
こむぎ　［ふ類］　焼きふ　板ふ,351
こむぎ　［ふ類］　焼きふ　車ふ,361
こむぎ　［ふ類］　油ふ,547
こむぎ　［その他］　小麦はいが,391
こむぎ　［その他］　小麦たんぱく　粉末状,398
こむぎ　［その他］　小麦たんぱく　粒状,101
こむぎ　［その他］　小麦たんぱく　ペースト状,145
こむぎ　［その他］　かやきせんべい,359
こむぎ　［その他］　ぎょうざの皮　生,275
こむぎ　［その他］　しゅうまいの皮　生,275
こむぎ　［その他］　春巻きの皮　生,288
こむぎ　［その他］　春巻きの皮　揚げ,512
こむぎ　［その他］　ピザ生地,265
こむぎ　［その他］　ちくわぶ,160
こむぎ　［その他］　パン粉　生,277
こむぎ　［その他］　パン粉　半生,315
こむぎ　［その他］　パン粉　乾燥,369
こむぎ　［その他］　冷めん　生,249
こめ　［水稲穀粒］　玄米,346
こめ　［水稲穀粒］　半つき米,345
こめ　［水稲穀粒］　七分つき米,348
こめ　［水稲穀粒］　精白米　うるち米,342
こめ　［水稲穀粒］　精白米　もち米,343
こめ　［水稲穀粒］　精白米　インディカ米,347
こめ　［水稲穀粒］　はいが精米,343
こめ　［水稲穀粒］　発芽玄米,339
こめ　［水稲穀粒］　赤米,344
こめ　［水稲穀粒］　黒米,341
こめ　［水稲めし］　玄米,152
こめ　［水稲めし］　半つき米,154
こめ　［水稲めし］　七分つき米,160
こめ　［水稲めし］　精白米　インディカ米,184
こめ　［水稲めし］　精白米　うるち米,156
こめ　［水稲めし］　精白米　もち米,188
こめ　［水稲めし］　はいが精米,159
こめ　［水稲めし］　発芽玄米,161
こめ　［水稲めし］　赤米,150
こめ　［水稲めし］　黒米,150
こめ　［水稲軟めし］　精白米,113
こめ　［水稲全かゆ］　玄米,64
こめ　［水稲全かゆ］　半つき米,65
こめ　［水稲全かゆ］　七分つき米,68
こめ　［水稲全かゆ］　精白米,65
こめ　［水稲五分かゆ］　玄米,32
こめ　［水稲五分かゆ］　半つき米,32
こめ　［水稲五分かゆ］　七分つき米,32
こめ　［水稲五分かゆ］　精白米,33
こめ　［水稲おもゆ］　玄米,19
こめ　［水稲おもゆ］　半つき米,19
こめ　［水稲おもゆ］　七分つき米,20
こめ　［水稲おもゆ］　精白米,19
こめ　［陸稲穀粒］　玄米,357
こめ　［陸稲穀粒］　半つき米,356
こめ　［陸稲穀粒］　七分つき米,359
こめ　［陸稲穀粒］　精白米,331
こめ　［陸稲めし］　玄米,156
こめ　［陸稲めし］　半つき米,157
こめ　［陸稲めし］　七分つき米,155
こめ　［陸稲めし］　精白米,157
こめ　［うるち米製品］　アルファ化米　一般用,358
こめ　［うるち米製品］　アルファ化米　学校給食用強化品,358
こめ　［うるち米製品］　おにぎり,170
こめ　［うるち米製品］　焼きおにぎり,166
こめ　［うるち米製品］　きりたんぽ,200
こめ　［うるち米製品］　上新粉,343
こめ　［うるち米製品］　玄米粉,370
こめ　［うるち米製品］　米粉,356
こめ　［うるち米製品］　米粉パン　食パン,247
こめ　［うるち米製品］　米粉パン　ロールパン,256
こめ　［うるち米製品］　米粉パン　小麦グルテン不使用のもの,247
こめ　［うるち米製品］　米粉めん,252
こめ　［うるち米製品］　ビーフン,360
こめ　［うるち米製品］　ライスペーパー,339
こめ　［うるち米製品］　米こうじ,260
こめ　［もち米製品］　もち,223
こめ　［もち米製品］　赤飯,186
こめ　［もち米製品］　あくまき,131
こめ　［もち米製品］　白玉粉,347
こめ　［もち米製品］　道明寺粉,349
こめ　［その他］　米ぬか,374
そば　そば粉　全層粉,339
そば　そば粉　内層粉,342
そば　そば粉　中層粉,334
そば　そば粉　表層粉,337
そば　そば米,347
そば　そば　生,271
そば　そば　ゆで,130
そば　そば　半生そば,325
そば　干しそば　乾,344
そば　干しそば　ゆで,113
とうもろこし　玄穀　黄色種,341
とうもろこし　玄穀　白色種,341
とうもろこし　コーンミール　黄色種,375
とうもろこし　コーンミール　白色種,375
とうもろこし　コーングリッツ　黄色種,352
とうもろこし　コーングリッツ　白色種,352
とうもろこし　コーンフラワー　黄色種,347
とうもろこし　コーンフラワー　白色種,347
とうもろこし　ジャイアントコーン　フライ　味付け,409
とうもろこし　ポップコーン,472
とうもろこし　コーンフレーク,380
はとむぎ　精白粒,353
ひえ　精白粒,361
もろこし　玄穀,344
もろこし　精白粒,348
ライむぎ　全粒粉,317
ライむぎ　ライ麦粉,324
＜いも類＞　アメリカほどいも　塊根　生,146
＜いも類＞　アメリカほどいも　塊根　ゆで,144
＜いも類＞　きくいも　塊茎　生,66
＜いも類＞　きくいも　塊茎　水煮,51
＜いも類＞　こんにゃく　精粉,194
＜いも類＞　こんにゃく　板こんにゃく　精粉こんにゃく,5
＜いも類＞　こんにゃく　板こんにゃく　生いもこんにゃく,8
＜いも類＞　こんにゃく　赤こんにゃく,6
＜いも類＞　こんにゃく　凍みこんにゃく　乾,192
＜いも類＞　こんにゃく　凍みこんにゃく　ゆで,42
＜いも類＞　こんにゃく　しらたき,7
＜いも類＞　（さつまいも類）　さつまいも　塊根　皮つき　生,127
＜いも類＞　（さつまいも類）　さつまいも　塊根　皮つき　蒸し,129
＜いも類＞　（さつまいも類）　さつまいも　塊根　皮つき　天ぷら,205
＜いも類＞　（さつまいも類）　さつまいも　塊根　皮なし　生,126
＜いも類＞　（さつまいも類）　さつまいも　塊根　皮なし　蒸し,131
＜いも類＞　（さつまいも類）　さつまいも　塊根　皮なし　焼き,151
＜いも類＞　（さつまいも類）　さつまいも　蒸し切干,277
＜いも類＞　（さつまいも類）　むらさきいも　塊根　皮なし　生,123
＜いも類＞　（さつまいも類）　むらさきいも　塊根　皮なし　蒸し,122
＜いも類＞　（さといも類）　さといも　球茎　生,53
＜いも類＞　（さといも類）　さといも　球茎　水煮,52
＜いも類＞　（さといも類）　さといも　球茎　冷凍,69
＜いも類＞　（さといも類）　セレベス　球茎　生,80
＜いも類＞　（さといも類）　セレベス　球茎　水煮,77
＜いも類＞　（さといも類）　たけのこいも　球茎　生,97
＜いも類＞　（さといも類）　たけのこいも　球茎　水煮,86
＜いも類＞　（さといも類）　みずいも　球茎　生,111
＜いも類＞　（さといも類）　みずいも　球茎　水煮,101
＜いも類＞　（さといも類）　やつがしら　球茎　生,94
＜いも類＞　（さといも類）　やつがしら　球茎　水煮,92
＜いも類＞　じゃがいも　塊茎　皮つき　生,51
＜いも類＞　じゃがいも　塊茎　皮つき　電子レンジ調理,78
＜いも類＞　じゃがいも　塊茎　皮つき　フライドポテト　（生を揚げたもの）,153
＜いも類＞　じゃがいも　塊茎　皮なし　生,59
＜いも類＞　じゃがいも　塊茎　皮なし　水煮,71
＜いも類＞　じゃがいも　塊茎　皮なし　蒸し,76
＜いも類＞　じゃがいも　塊茎　皮なし　電子レンジ調理,78
＜いも類＞　じゃがいも　塊茎　皮なし　フライドポテト　（生を揚げたもの）,159
＜いも類＞　じゃがいも　塊茎　皮なし　フライドポテト　（市販冷凍食品を揚げたもの）,229
＜いも類＞　じゃがいも　乾燥マッシュポテト,347
＜いも類＞　ヤーコン　塊根　生,52
＜いも類＞　ヤーコン　塊根　水煮,42
＜いも類＞　（やまのいも類）　ながいも　いちょういも　塊根　生,108
＜いも類＞　（やまのいも類）　ながいも　ながいも　塊根　生,64
＜いも類＞　（やまのいも類）　ながいも　ながいも　塊根　水煮,58
＜いも類＞　（やまのいも類）　ながいも　やまといも　塊根　生,119
＜いも類＞　（やまのいも類）　じねんじょ　塊根　生,118
＜いも類＞　（やまのいも類）　だいじょ　塊根　生,102
＜でん粉・でん粉製品＞　（でん粉類）　おおうばゆりでん粉,327
＜でん粉・でん粉製品＞　（でん粉類）　キャッサバでん粉,354
＜でん粉・でん粉製品＞　（でん粉類）　くずでん粉,356
＜でん粉・でん粉製品＞　（でん粉類）　米でん粉,375
＜でん粉・でん粉製品＞　（でん粉類）　小麦でん粉,360
＜でん粉・でん粉製品＞　（でん粉類）　サゴでん粉,357
＜でん粉・でん粉製品＞　（でん粉類）　さつまいもでん粉,340
＜でん粉・でん粉製品＞　（でん粉類）　じゃがいもでん粉,338
＜でん粉・でん粉製品＞　（でん粉類）　とうもろこしでん粉,363
＜でん粉・でん粉製品＞　（でん粉製品）　くずきり　乾,341
＜でん粉・でん粉製品＞　（でん粉製品）　くずきり　ゆで,133
＜でん粉・でん粉製品＞　（でん粉製品）　ごま豆腐,75
＜でん粉・でん粉製品＞　（でん粉製品）　タピオカパール　乾,352
＜でん粉・でん粉製品＞　（でん粉製品）　タピオカパール　ゆで,61
＜でん粉・でん粉製品＞　（でん粉製品）　でん粉めん　生,129
＜でん粉・でん粉製品＞　（でん粉製品）　でん粉めん　乾,347
＜でん粉・でん粉製品＞　（でん粉製品）　でん粉めん　乾　ゆで,83
＜でん粉・でん粉製品＞　（でん粉製品）　はるさめ　緑豆はるさめ　乾,344
＜でん粉・でん粉製品＞　（でん粉製品）　はるさめ　緑豆はるさめ　ゆで,78
＜でん粉・でん粉製品＞　（でん粉製品）　はるさめ　普通はるさめ　乾,346
＜でん粉・でん粉製品＞　（でん粉製品）　はるさめ　普通はるさめ　ゆで,76
（砂糖類）　黒砂糖,352
（砂糖類）　てんさい含蜜糖,357
（砂糖類）　和三盆糖,393
（砂糖類）　車糖　上白糖,391
（砂糖類）　車糖　三温糖,390
（砂糖類）　ざらめ糖　グラニュー糖,394
（砂糖類）　ざらめ糖　白ざら糖,393
（砂糖類）　ざらめ糖　中ざら糖,393
（砂糖類）　加工糖　角砂糖,394
（砂糖類）　加工糖　氷砂糖,394
（砂糖類）　加工糖　コーヒーシュガー,394
（砂糖類）　加工糖　粉糖,393
（砂糖類）　液糖　しょ糖型液糖,267
（砂糖類）　液糖　転化型液糖,294
（砂糖類）　氷糖みつ,274
（でん粉糖類）　還元麦芽糖,208
（でん粉糖類）　還元水あめ,210
（でん粉糖類）　粉あめ,397
（でん粉糖類）　水あめ　酵素糖化,342
（でん粉糖類）　水あめ　酸糖化,341
（でん粉糖類）　ぶどう糖　全糖,342
（でん粉糖類）　ぶどう糖　含水結晶,342
（でん粉糖類）　ぶどう糖　無水結晶,374
（でん粉糖類）　果糖,375
（でん粉糖類）　異性化液糖　ぶどう糖果糖液糖,283
（でん粉糖類）　異性化液糖　果糖ぶどう糖液糖,283
（でん粉糖類）　異性化液糖　高果糖液糖,282
（その他）　黒蜜,199
（その他）　はちみつ,329
（その他）　メープルシロップ,266
あずき　全粒　乾,304
あずき　全粒　ゆで,124
あずき　ゆで小豆缶詰,202
あずき　あん　こし生あん,147
あずき　あん　さらしあん　（乾燥あん）,335
あずき　あん　こし練りあん　（並あん）,255
あずき　あん　こし練りあん　（中割りあん）,262
あずき　あん　こし練りあん　（もなかあん）,292
あずき　あん　つぶし練りあん,239
いんげんまめ　全粒　乾,280
いんげんまめ　全粒　ゆで,127
いんげんまめ　うずら豆,214
いんげんまめ　こし生あん,135
いんげんまめ　豆きんとん,238
えんどう　全粒　青えんどう　乾,310
えんどう　全粒　青えんどう　ゆで,129
えんどう　全粒　赤えんどう　乾,310
えんどう　全粒　赤えんどう　ゆで,129
えんどう　グリンピース（揚げ豆）,375
えんどう　塩豆,321
えんどう　うぐいす豆,228
ささげ　全粒　乾,280
ささげ　全粒　ゆで,130
そらまめ　全粒　乾,323
そらまめ　フライビーンズ,436
そらまめ　おたふく豆,237
そらまめ　ふき豆,251
そらまめ　しょうゆ豆,173
だいず　［全粒・全粒製品］　全粒　青大豆　国産　乾,354
だいず　［全粒・全粒製品］　全粒　青大豆　国産　ゆで,145
だいず　［全粒・全粒製品］　全粒　黄大豆　国産　乾,372
だいず　［全粒・全粒製品］　全粒　黄大豆　国産　ゆで,163
だいず　［全粒・全粒製品］　全粒　黄大豆　米国産　乾,402
だいず　［全粒・全粒製品］　全粒　黄大豆　中国産　乾,391
だいず　［全粒・全粒製品］　全粒　黄大豆　ブラジル産　乾,414
だいず　［全粒・全粒製品］　全粒　黒大豆　国産　乾,349
だいず　［全粒・全粒製品］　全粒　黒大豆　国産　ゆで,155
だいず　［全粒・全粒製品］　いり大豆　青大豆,425
だいず　［全粒・全粒製品］　いり大豆　黄大豆,429
だいず　［全粒・全粒製品］　いり大豆　黒大豆,431
だいず　［全粒・全粒製品］　水煮缶詰　黄大豆,124
だいず　［全粒・全粒製品］　蒸し大豆　黄大豆,186
だいず　［全粒・全粒製品］　きな粉　青大豆　全粒大豆,424
だいず　［全粒・全粒製品］　きな粉　青大豆　脱皮大豆,418
だいず　［全粒・全粒製品］　きな粉　黄大豆　全粒大豆,451
だいず　［全粒・全粒製品］　きな粉　黄大豆　脱皮大豆,456
だいず　［全粒・全粒製品］　きな粉（砂糖入り）　青きな粉,392
だいず　［全粒・全粒製品］　きな粉（砂糖入り）　きな粉,406
だいず　［全粒・全粒製品］　大豆はいが,404
だいず　［全粒・全粒製品］　ぶどう豆,265
だいず　［豆腐・油揚げ類］　木綿豆腐,73
だいず　［豆腐・油揚げ類］　木綿豆腐　（凝固剤：塩化マグネシウム）,73
だいず　［豆腐・油揚げ類］　木綿豆腐　（凝固剤：硫酸カルシウム）,73
だいず　［豆腐・油揚げ類］　絹ごし豆腐,56
だいず　［豆腐・油揚げ類］　絹ごし豆腐　（凝固剤：塩化マグネシウム）,56
だいず　［豆腐・油揚げ類］　絹ごし豆腐　（凝固剤：硫酸カルシウム）,56
だいず　［豆腐・油揚げ類］　ソフト豆腐,56
だいず　［豆腐・油揚げ類］　充てん豆腐,56
だいず　［豆腐・油揚げ類］　沖縄豆腐,99
だいず　［豆腐・油揚げ類］　ゆし豆腐,47
だいず　［豆腐・油揚げ類］　焼き豆腐,82
だいず　［豆腐・油揚げ類］　生揚げ,143
だいず　［豆腐・油揚げ類］　油揚げ　生,377
だいず　［豆腐・油揚げ類］　油揚げ　油抜き　生,266
だいず　［豆腐・油揚げ類］　油揚げ　油抜き　ゆで,164
だいず　［豆腐・油揚げ類］　油揚げ　油抜き　焼き,361
だいず　［豆腐・油揚げ類］　油揚げ　甘煮,231
だいず　［豆腐・油揚げ類］　がんもどき,223
だいず　［豆腐・油揚げ類］　凍り豆腐　乾,496
だいず　［豆腐・油揚げ類］　凍り豆腐　水煮,104
だいず　［豆腐・油揚げ類］　豆腐よう,183
だいず　［豆腐・油揚げ類］　豆腐竹輪　蒸し,121
だいず　［豆腐・油揚げ類］　豆腐竹輪　焼き,133
だいず　［豆腐・油揚げ類］　ろくじょう豆腐,332
だいず　［納豆類］　糸引き納豆,190
だいず　［納豆類］　挽きわり納豆,185
だいず　［納豆類］　五斗納豆,214
だいず　［納豆類］　寺納豆,248
だいず　［その他］　おから　生,88
だいず　［その他］　おから　乾燥,333
だいず　［その他］　豆乳　豆乳,44
だいず　［その他］　豆乳　調製豆乳,63
だいず　［その他］　豆乳　豆乳飲料・麦芽コーヒー,59
だいず　［その他］　大豆たんぱく　粒状大豆たんぱく,318
だいず　［その他］　大豆たんぱく　濃縮大豆たんぱく,313
だいず　［その他］　大豆たんぱく　分離大豆たんぱく　塩分無調整タイプ,335
だいず　［その他］　大豆たんぱく　分離大豆たんぱく　塩分調整タイプ,335
だいず　［その他］　大豆たんぱく　繊維状大豆たんぱく,365
だいず　［その他］　湯葉　生,218
だいず　［その他］　湯葉　干し　乾,485
だいず　［その他］　湯葉　干し　湯戻し,151
だいず　［その他］　金山寺みそ,247
だいず　［その他］　ひしおみそ,198
だいず　［その他］　テンペ,180
つるあずき　全粒　乾,297
つるあずき　全粒　ゆで,132
ひよこまめ　全粒　乾,336
ひよこまめ　全粒　ゆで,149
ひよこまめ　全粒　フライ　味付け,366
べにばないんげん　全粒　乾,273
べにばないんげん　全粒　ゆで,103
やぶまめ　乾,383
らいまめ　全粒　乾,306
らいまめ　全粒　ゆで,122
りょくとう　全粒　乾,319
りょくとう　全粒　ゆで,125
レンズまめ　全粒　乾,313
レンズまめ　全粒　ゆで,149
アーモンド　乾,609
アーモンド　フライ　味付け,626
アーモンド　いり　無塩,608
あさ　乾,450
あまに　いり,540
えごま　乾,523
カシューナッツ　フライ　味付け,591
かぼちゃ　いり　味付け,590
かや　いり,629
ぎんなん　生,168
ぎんなん　ゆで,169
（くり類）　日本ぐり　生,147
（くり類）　日本ぐり　ゆで,152
（くり類）　日本ぐり　甘露煮,232
（くり類）　中国ぐり　甘ぐり,207
くるみ　いり,713
けし　乾,555
ココナッツ　ココナッツパウダー,676
ごま　乾,604
ごま　いり,605
ごま　むき,570
ごま　ねり,646
しい　生,244
すいか　いり　味付け,528
チアシード　乾,446
とち　蒸し,148
はす　未熟　生,81
はす　成熟　乾,327
はす　成熟　ゆで,118
（ひし類）　ひし　生,183
（ひし類）　とうびし　生,122
（ひし類）　とうびし　ゆで,120
ピスタチオ　いり　味付け,617
ひまわり　フライ　味付け,587
ブラジルナッツ　フライ　味付け,703
ヘーゼルナッツ　フライ　味付け,701
ペカン　フライ　味付け,716
マカダミアナッツ　いり　味付け,751
まつ　生,681
まつ　いり,724
らっかせい　大粒種　乾,572
らっかせい　大粒種　いり,613
らっかせい　小粒種　乾,573
らっかせい　小粒種　いり,607
らっかせい　バターピーナッツ,609
らっかせい　ピーナッツバター,599
アーティチョーク　花らい　生,39
アーティチョーク　花らい　ゆで,35
あさつき　葉　生,34
あさつき　葉　ゆで,41
あしたば　茎葉　生,30
あしたば　茎葉　ゆで,28
アスパラガス　若茎　生,21
アスパラガス　若茎　ゆで,25
アスパラガス　若茎　油いため,54
アスパラガス　水煮缶詰,24
アロエ　葉　生,3
いんげんまめ　さやいんげん　若ざや　生,23
いんげんまめ　さやいんげん　若ざや　ゆで,25
（うど類）　うど　茎　生,19
（うど類）　うど　茎　水さらし,13
（うど類）　やまうど　茎　生,19
うるい　葉　生,19
えだまめ　生,125
えだまめ　ゆで,118
えだまめ　冷凍,143
エンダイブ　葉　生,14
（えんどう類）　トウミョウ　茎葉　生,28
（えんどう類）　トウミョウ　芽ばえ　生,27
（えんどう類）　トウミョウ　芽ばえ　ゆで,28
（えんどう類）　トウミョウ　芽ばえ　油いため,84
（えんどう類）　さやえんどう　若ざや　生,38
（えんどう類）　さやえんどう　若ざや　ゆで,36
（えんどう類）　スナップえんどう　若ざや　生,47
（えんどう類）　グリンピース　生,76
（えんどう類）　グリンピース　ゆで,99
（えんどう類）　グリンピース　冷凍,80
（えんどう類）　グリンピース　冷凍　ゆで,82
（えんどう類）　グリンピース　冷凍　油いため,114
（えんどう類）　グリンピース　水煮缶詰,82
おおさかしろな　葉　生,12
おおさかしろな　葉　ゆで,16
おおさかしろな　塩漬,19
おかひじき　茎葉　生,16
おかひじき　茎葉　ゆで,16
オクラ　果実　生,26
オクラ　果実　ゆで,29
かぶ　葉　生,20
かぶ　葉　ゆで,20
かぶ　根　皮つき　生,18
かぶ　根　皮つき　ゆで,18
かぶ　根　皮なし　生,19
かぶ　根　皮なし　ゆで,20
かぶ　漬物　塩漬　葉,27
かぶ　漬物　塩漬　根　皮つき,21
かぶ　漬物　塩漬　根　皮なし,19
かぶ　漬物　ぬかみそ漬　葉,35
かぶ　漬物　ぬかみそ漬　根　皮つき,27
かぶ　漬物　ぬかみそ漬　根　皮なし,31
（かぼちゃ類）　日本かぼちゃ　果実　生,41
（かぼちゃ類）　日本かぼちゃ　果実　ゆで,50
（かぼちゃ類）　西洋かぼちゃ　果実　生,78
（かぼちゃ類）　西洋かぼちゃ　果実　ゆで,80
（かぼちゃ類）　西洋かぼちゃ　果実　焼き,105
（かぼちゃ類）　西洋かぼちゃ　果実　冷凍,75
（かぼちゃ類）　そうめんかぼちゃ　果実　生,25
からしな　葉　生,26
からしな　塩漬,36
カリフラワー　花序　生,28
カリフラワー　花序　ゆで,26
かんぴょう　乾,239
かんぴょう　ゆで,21
かんぴょう　甘煮,146
きく　花びら　生,25
きく　花びら　ゆで,21
きく　菊のり,283
（キャベツ類）　キャベツ　結球葉　生,21
（キャベツ類）　キャベツ　結球葉　ゆで,19
（キャベツ類）　キャベツ　結球葉　油いため,78
（キャベツ類）　グリーンボール　結球葉　生,20
（キャベツ類）　レッドキャベツ　結球葉　生,30
きゅうり　果実　生,13
きゅうり　漬物　塩漬,17
きゅうり　漬物　しょうゆ漬,51
きゅうり　漬物　ぬかみそ漬,28
きゅうり　漬物　ピクルス　スイート型,70
きゅうり　漬物　ピクルス　サワー型,13
ぎょうじゃにんにく　葉　生,35
キンサイ　茎葉　生,16
キンサイ　茎葉　ゆで,15
クレソン　茎葉　生,13
くわい　塊茎　生,128
くわい　塊茎　ゆで,129
ケール　葉　生,26
コールラビ　球茎　生,21
コールラビ　球茎　ゆで,20
こごみ　若芽　生,25
ごぼう　根　生,58
ごぼう　根　ゆで,50
こまつな　葉　生,13
こまつな　葉　ゆで,14
コリアンダー　葉　生,18
ザーサイ　漬物,20
さんとうさい　葉　生,12
さんとうさい　葉　ゆで,14
さんとうさい　塩漬,18
しかくまめ　若ざや　生,19
ししとう　果実　生,24
ししとう　果実　油いため,51
しそ　葉　生,32
しそ　実　生,32
じゅうろくささげ　若ざや　生,22
じゅうろくささげ　若ざや　ゆで,28
しゅんぎく　葉　生,20
しゅんぎく　葉　ゆで,25
じゅんさい　若葉　水煮びん詰,4
（しょうが類）　葉しょうが　根茎　生,9
（しょうが類）　しょうが　根茎　皮なし　生,28
（しょうが類）　しょうが　根茎　皮なし　生　おろし,58
（しょうが類）　しょうが　根茎　皮なし　生　おろし汁,17
（しょうが類）　しょうが　漬物　酢漬,15
（しょうが類）　しょうが　漬物　甘酢漬,44
（しょうが類）　新しょうが　根茎　生,10
しろうり　果実　生,15
しろうり　漬物　塩漬,15
しろうり　漬物　奈良漬,216
ずいき　生ずいき　生,15
ずいき　生ずいき　ゆで,10
ずいき　干しずいき　乾,232
ずいき　干しずいき　ゆで,9
すいぜんじな　葉　生,16
すぐきな　葉　生,23
すぐきな　根　生,19
すぐきな　すぐき漬,30
ズッキーニ　果実　生,16
せり　茎葉　生,17
せり　茎葉　ゆで,17
セロリ　葉柄　生,12
ぜんまい　生ぜんまい　若芽　生,27
ぜんまい　生ぜんまい　若芽　ゆで,17
ぜんまい　干しぜんまい　干し若芽　乾,277
ぜんまい　干しぜんまい　干し若芽　ゆで,25
そらまめ　未熟豆　生,102
そらまめ　未熟豆　ゆで,103
タアサイ　葉　生,12
タアサイ　葉　ゆで,11
（だいこん類）　かいわれだいこん　芽ばえ　生,21
（だいこん類）　葉だいこん　葉　生,17
（だいこん類）　だいこん　葉　生,23
（だいこん類）　だいこん　葉　ゆで,24
（だいこん類）　だいこん　根　皮つき　生,15
（だいこん類）　だいこん　根　皮つき　ゆで,15
（だいこん類）　だいこん　根　皮なし　生,15
（だいこん類）　だいこん　根　皮なし　生　おろし,25
（だいこん類）　だいこん　根　皮なし　生　おろし汁,12
（だいこん類）　だいこん　根　皮なし　生　おろし水洗い,23
（だいこん類）　だいこん　根　皮なし　ゆで,15
（だいこん類）　切干しだいこん　乾,280
（だいこん類）　切干しだいこん　ゆで,13
（だいこん類）　切干しだいこん　油いため,78
（だいこん類）　漬物　いぶりがっこ,76
（だいこん類）　漬物　ぬかみそ漬,29
（だいこん類）　漬物　たくあん漬　塩押しだいこん漬,43
（だいこん類）　漬物　たくあん漬　干しだいこん漬,23
（だいこん類）　漬物　守口漬,194
（だいこん類）　漬物　べったら漬,53
（だいこん類）　漬物　みそ漬,52
（だいこん類）　漬物　福神漬,137
（たいさい類）　つまみな　葉　生,19
（たいさい類）　たいさい　葉　生,15
（たいさい類）　たいさい　塩漬,19
たかな　葉　生,21
たかな　たかな漬,30
たけのこ　若茎　生,27
たけのこ　若茎　ゆで,31
たけのこ　水煮缶詰,22
たけのこ　めんま　塩蔵　塩抜き,15
（たまねぎ類）　たまねぎ　りん茎　生,33
（たまねぎ類）　たまねぎ　りん茎　水さらし,24
（たまねぎ類）　たまねぎ　りん茎　ゆで,30
（たまねぎ類）　たまねぎ　りん茎　油いため,100
（たまねぎ類）　たまねぎ　りん茎　油いため　（あめ色たまねぎ）,208
（たまねぎ類）　赤たまねぎ　りん茎　生,34
（たまねぎ類）　葉たまねぎ　りん茎及び葉　生,33
たらのめ　若芽　生,27
たらのめ　若芽　ゆで,27
チコリ　若芽　生,17
ちぢみゆきな　葉　生,35
ちぢみゆきな　葉　ゆで,34
チンゲンサイ　葉　生,9
チンゲンサイ　葉　ゆで,11
チンゲンサイ　葉　油いため,36
つくし　胞子茎　生,31
つくし　胞子茎　ゆで,28
つるな　茎葉　生,15
つるにんじん　根　生,55
つるむらさき　茎葉　生,11
つるむらさき　茎葉　ゆで,12
つわぶき　葉柄　生,19
つわぶき　葉柄　ゆで,14
とうがらし　葉･果実　生,32
とうがらし　葉･果実　油いため,81
とうがらし　果実　生,72
とうがらし　果実　乾,270
とうがん　果実　生,15
とうがん　果実　ゆで,15
（とうもろこし類）　スイートコーン　未熟種子　生,89
（とうもろこし類）　スイートコーン　未熟種子　ゆで,95
（とうもろこし類）　スイートコーン　未熟種子　電子レンジ調理,104
（とうもろこし類）　スイートコーン　未熟種子　穂軸つき　冷凍,96
（とうもろこし類）　スイートコーン　未熟種子　カーネル　冷凍,91
（とうもろこし類）　スイートコーン　未熟種子　カーネル　冷凍　ゆで,92
（とうもろこし類）　スイートコーン　未熟種子　カーネル　冷凍　油いため,125
（とうもろこし類）　スイートコーン　缶詰　クリームスタイル,82
（とうもろこし類）　スイートコーン　缶詰　ホールカーネルスタイル,78
（とうもろこし類）　ヤングコーン　幼雌穂　生,29
（トマト類）　赤色トマト　果実　生,20
（トマト類）　赤色ミニトマト　果実　生,30
（トマト類）　黄色トマト　果実　生,18
（トマト類）　ドライトマト,291
（トマト類）　加工品　ホール　食塩無添加,21
（トマト類）　加工品　トマトジュース　食塩添加,15
（トマト類）　加工品　トマトジュース　食塩無添加,18
（トマト類）　加工品　ミックスジュース　食塩添加,18
（トマト類）　加工品　ミックスジュース　食塩無添加,18
トレビス　葉　生,17
とんぶり　ゆで,89
ながさきはくさい　葉　生,12
ながさきはくさい　葉　ゆで,18
（なす類）　なす　果実　生,18
（なす類）　なす　果実　ゆで,17
（なす類）　なす　果実　油いため,73
（なす類）　なす　果実　天ぷら,165
（なす類）　べいなす　果実　生,20
（なす類）　べいなす　果実　素揚げ,177
（なす類）　漬物　塩漬,22
（なす類）　漬物　ぬかみそ漬,27
（なす類）　漬物　こうじ漬,87
（なす類）　漬物　からし漬,127
（なす類）　漬物　しば漬,27
なずな　葉　生,35
（なばな類）　和種なばな　花らい・茎　生,34
（なばな類）　和種なばな　花らい・茎　ゆで,28
（なばな類）　洋種なばな　茎葉　生,36
（なばな類）　洋種なばな　茎葉　ゆで,30
にがうり　果実　生,15
にがうり　果実　油いため,47
（にら類）　にら　葉　生,18
（にら類）　にら　葉　ゆで,27
（にら類）　にら　葉　油いため,69
（にら類）　花にら　花茎・花らい　生,27
（にら類）　黄にら　葉　生,18
（にんじん類）　葉にんじん　葉　生,16
（にんじん類）　にんじん　根　皮つき　生,35
（にんじん類）　にんじん　根　皮つき　ゆで,29
（にんじん類）　にんじん　根　皮なし　生,30
（にんじん類）　にんじん　根　皮なし　ゆで,28
（にんじん類）　にんじん　根　皮なし　油いため,103
（にんじん類）　にんじん　根　皮なし　素揚げ,87
（にんじん類）　にんじん　根　皮　生,26
（にんじん類）　にんじん　根　冷凍,30
（にんじん類）　にんじん　根　冷凍　ゆで,24
（にんじん類）　にんじん　根　冷凍　油いため,65
（にんじん類）　にんじん　グラッセ,53
（にんじん類）　にんじん　ジュース　缶詰,29
（にんじん類）　きんとき　根　皮つき　生,39
（にんじん類）　きんとき　根　皮つき　ゆで,37
（にんじん類）　きんとき　根　皮なし　生,40
（にんじん類）　きんとき　根　皮なし　ゆで,40
（にんじん類）　ミニキャロット　根　生,26
（にんにく類）　にんにく　りん茎　生,129
（にんにく類）　にんにく　りん茎　油いため,191
（にんにく類）　茎にんにく　花茎　生,44
（にんにく類）　茎にんにく　花茎　ゆで,43
（ねぎ類）　根深ねぎ　葉　軟白　生,35
（ねぎ類）　根深ねぎ　葉　軟白　ゆで,28
（ねぎ類）　根深ねぎ　葉　軟白　油いため,77
（ねぎ類）　葉ねぎ　葉　生,29
（ねぎ類）　葉ねぎ　葉　油いため,77
（ねぎ類）　こねぎ　葉　生,26
のざわな　葉　生,14
のざわな　漬物　塩漬,17
のざわな　漬物　調味漬,22
のびる　りん茎葉　生,63
はくさい　結球葉　生,13
はくさい　結球葉　ゆで,13
はくさい　漬物　塩漬,17
はくさい　漬物　キムチ,27
パクチョイ　葉　生,15
バジル　葉　生,21
パセリ　葉　生,34
はつかだいこん　根　生,13
はなっこりー　生,34
はやとうり　果実　白色種　生,20
はやとうり　果実　白色種　塩漬,17
はやとうり　果実　緑色種　生,21
ビーツ　根　生,38
ビーツ　根　ゆで,42
（ピーマン類）　青ピーマン　果実　生,20
（ピーマン類）　青ピーマン　果実　油いため,54
（ピーマン類）　赤ピーマン　果実　生,28
（ピーマン類）　赤ピーマン　果実　油いため,69
（ピーマン類）　オレンジピーマン　果実　生,19
（ピーマン類）　オレンジピーマン　果実　油いため,81
（ピーマン類）　黄ピーマン　果実　生,28
（ピーマン類）　黄ピーマン　果実　油いため,61
（ピーマン類）　トマピー　果実　生,33
ひのな　根・茎葉　生,17
ひのな　根・茎葉　甘酢漬,70
ひろしまな　葉　生,19
ひろしまな　塩漬,15
（ふき類）　ふき　葉柄　生,11
（ふき類）　ふき　葉柄　ゆで,7
（ふき類）　ふきのとう　花序　生,38
（ふき類）　ふきのとう　花序　ゆで,31
ふじまめ　若ざや　生,32
ふだんそう　葉　生,17
ふだんそう　葉　ゆで,26
ブロッコリー　花序　生,37
ブロッコリー　花序　ゆで,30
ブロッコリー　花序　電子レンジ調理,56
ブロッコリー　花序　焼き,83
ブロッコリー　花序　油いため,109
ブロッコリー　芽ばえ　生,18
へちま　果実　生,17
へちま　果実　ゆで,19
ほうれんそう　葉　通年平均　生,18
ほうれんそう　葉　通年平均　ゆで,23
ほうれんそう　葉　通年平均　油いため,91
ほうれんそう　葉　夏採り　生,18
ほうれんそう　葉　夏採り　ゆで,23
ほうれんそう　葉　冬採り　生,18
ほうれんそう　葉　冬採り　ゆで,23
ほうれんそう　葉　冷凍,22
ほうれんそう　葉　冷凍　ゆで,26
ほうれんそう　葉　冷凍　油いため,67
ホースラディシュ　根茎　生,69
まこも　茎　生,19
みずかけな　葉　生,25
みずかけな　塩漬,34
みずな　葉　生,23
みずな　葉　ゆで,21
みずな　塩漬,26
（みつば類）　切りみつば　葉　生,16
（みつば類）　切りみつば　葉　ゆで,12
（みつば類）　根みつば　葉　生,19
（みつば類）　根みつば　葉　ゆで,19
（みつば類）　糸みつば　葉　生,12
（みつば類）　糸みつば　葉　ゆで,14
みぶな　葉　生,14
（みょうが類）　みょうが　花穂　生,11
（みょうが類）　みょうがたけ　茎葉　生,6
むかご　肉芽　生,87
めキャベツ　結球葉　生,52
めキャベツ　結球葉　ゆで,51
めたで　芽ばえ　生,39
（もやし類）　アルファルファもやし　生,11
（もやし類）　だいずもやし　生,29
（もやし類）　だいずもやし　ゆで,27
（もやし類）　ブラックマッペもやし　生,17
（もやし類）　ブラックマッペもやし　ゆで,13
（もやし類）　ブラックマッペもやし　油いため,41
（もやし類）　りょくとうもやし　生,15
（もやし類）　りょくとうもやし　ゆで,12
モロヘイヤ　茎葉　生,36
モロヘイヤ　茎葉　ゆで,24
やぶまめ　生,219
やまごぼう　みそ漬,66
ゆりね　りん茎　生,119
ゆりね　りん茎　ゆで,117
ようさい　茎葉　生,17
ようさい　茎葉　ゆで,18
よめな　葉　生,40
よもぎ　葉　生,43
よもぎ　葉　ゆで,37
らっかせい　未熟豆　生,306
らっかせい　未熟豆　ゆで,298
（らっきょう類）　らっきょう　りん茎　生,83
（らっきょう類）　らっきょう　甘酢漬,117
（らっきょう類）　エシャレット　りん茎　生,59
リーキ　りん茎葉　生,30
リーキ　りん茎葉　ゆで,28
ルッコラ　葉　生,17
ルバーブ　葉柄　生,23
ルバーブ　葉柄　ゆで,14
（レタス類）　レタス　土耕栽培　結球葉　生,11
（レタス類）　レタス　水耕栽培　結球葉　生,13
（レタス類）　サラダな　葉　生,10
（レタス類）　リーフレタス　葉　生,16
（レタス類）　サニーレタス　葉　生,15
（レタス類）　サンチュ　葉　生,14
（レタス類）　コスレタス　葉　生,16
れんこん　根茎　生,66
れんこん　根茎　ゆで,66
れんこん　甘酢れんこん,66
わけぎ　葉　生,30
わけぎ　葉　ゆで,29
わさび　根茎　生,89
わさび　わさび漬,140
わらび　生わらび　生,19
わらび　生わらび　ゆで,13
わらび　干しわらび　乾,216
（その他）　ミックスベジタブル　冷凍,67
（その他）　ミックスベジタブル　冷凍　ゆで,65
（その他）　ミックスベジタブル　冷凍　油いため,108
（その他）　野菜ミックスジュース　通常タイプ,21
（その他）　野菜ミックスジュース　濃縮タイプ,36
あけび　果肉　生,89
あけび　果皮　生,32
アサイー　冷凍　無糖,62
アセロラ　酸味種　生,36
アセロラ　甘味種　生,36
アセロラ　果実飲料　10%果汁入り飲料,42
アテモヤ　生,81
アボカド　生,176
あんず　生,37
あんず　乾,296
あんず　缶詰,79
あんず　ジャム　高糖度,252
あんず　ジャム　低糖度,202
いちご　生,31
いちご　ジャム　高糖度,250
いちご　ジャム　低糖度,194
いちご　乾,329
いちじく　生,57
いちじく　乾,272
いちじく　缶詰,78
うめ　生,33
うめ　梅漬　塩漬,27
うめ　梅漬　調味漬,45
うめ　梅干し　塩漬,29
うめ　梅干し　調味漬,90
うめ　梅びしお,196
うめ　果実飲料　20%果汁入り飲料,49
オリーブ　塩漬　グリーンオリーブ,148
オリーブ　塩漬　ブラックオリーブ,121
オリーブ　塩漬　スタッフドオリーブ,141
かき　甘がき　生,63
かき　渋抜きがき　生,59
かき　干しがき,274
かりん　生,58
（かんきつ類）　いよかん　砂じょう　生,50
（かんきつ類）　うんしゅうみかん　じょうのう　早生　生,49
（かんきつ類）　うんしゅうみかん　じょうのう　普通　生,49
（かんきつ類）　うんしゅうみかん　砂じょう　早生　生,47
（かんきつ類）　うんしゅうみかん　砂じょう　普通　生,49
（かんきつ類）　うんしゅうみかん　果実飲料　ストレートジュース,45
（かんきつ類）　うんしゅうみかん　果実飲料　濃縮還元ジュース,42
（かんきつ類）　うんしゅうみかん　果実飲料　果粒入りジュース,53
（かんきつ類）　うんしゅうみかん　果実飲料　50%果汁入り飲料,59
（かんきつ類）　うんしゅうみかん　果実飲料　20%果汁入り飲料,50
（かんきつ類）　うんしゅうみかん　缶詰　果肉,63
（かんきつ類）　うんしゅうみかん　缶詰　液汁,63
（かんきつ類）　オレンジ　ネーブル　砂じょう　生,48
（かんきつ類）　オレンジ　バレンシア　米国産　砂じょう　生,42
（かんきつ類）　オレンジ　バレンシア　果実飲料　ストレートジュース,45
（かんきつ類）　オレンジ　バレンシア　果実飲料　濃縮還元ジュース,46
（かんきつ類）　オレンジ　バレンシア　果実飲料　50%果汁入り飲料,46
（かんきつ類）　オレンジ　バレンシア　果実飲料　30%果汁入り飲料,41
（かんきつ類）　オレンジ　バレンシア　マーマレード　高糖度,233
（かんきつ類）　オレンジ　バレンシア　マーマレード　低糖度,190
（かんきつ類）　オレンジ　福原オレンジ　砂じょう　生,43
（かんきつ類）　オロブランコ　砂じょう　生,43
（かんきつ類）　かぼす　果汁　生,36
（かんきつ類）　かわちばんかん　砂じょう　生,38
（かんきつ類）　きよみ　砂じょう　生,45
（かんきつ類）　きんかん　全果　生,67
（かんきつ類）　グレープフルーツ　白肉種　砂じょう　生,40
（かんきつ類）　グレープフルーツ　紅肉種　砂じょう　生,40
（かんきつ類）　グレープフルーツ　果実飲料　ストレートジュース,44
（かんきつ類）　グレープフルーツ　果実飲料　濃縮還元ジュース,38
（かんきつ類）　グレープフルーツ　果実飲料　50%果汁入り飲料,45
（かんきつ類）　グレープフルーツ　果実飲料　20%果汁入り飲料,39
（かんきつ類）　グレープフルーツ　缶詰,60
（かんきつ類）　さんぼうかん　砂じょう　生,47
（かんきつ類）　シークヮーサー　果汁　生,35
（かんきつ類）　シークヮーサー　果実飲料　10%果汁入り飲料,48
（かんきつ類）　しらぬひ　砂じょう　生,56
（かんきつ類）　すだち　果皮　生,55
（かんきつ類）　すだち　果汁　生,29
（かんきつ類）　せとか　砂じょう　生,50
（かんきつ類）　セミノール　砂じょう　生,53
（かんきつ類）　だいだい　果汁　生,35
（かんきつ類）　なつみかん　砂じょう　生,42
（かんきつ類）　なつみかん　缶詰,80
（かんきつ類）　はっさく　砂じょう　生,47
（かんきつ類）　はるみ　砂じょう　生,52
（かんきつ類）　ひゅうがなつ　じょうのう及びアルベド　生,46
（かんきつ類）　ひゅうがなつ　砂じょう　生,35
（かんきつ類）　ぶんたん　砂じょう　生,41
（かんきつ類）　ぶんたん　ざぼん漬,338
（かんきつ類）　ぽんかん　砂じょう　生,42
（かんきつ類）　ゆず　果皮　生,50
（かんきつ類）　ゆず　果汁　生,30
（かんきつ類）　ライム　果汁　生,39
（かんきつ類）　レモン　全果　生,43
（かんきつ類）　レモン　果汁　生,24
キウイフルーツ　緑肉種　生,51
キウイフルーツ　黄肉種　生,63
きはだ　実　乾,378
キワノ　生,41
グァバ　赤肉種　生,33
グァバ　白肉種　生,33
グァバ　果実飲料　20%果汁入り飲料　（ネクター）,49
グァバ　果実飲料　10%果汁入り飲料,50
くこ　実　乾,387
ぐみ　生,72
ココナッツ　ココナッツウォーター,22
ココナッツ　ココナッツミルク,157
ココナッツ　ナタデココ,80
さくらんぼ　国産　生,64
さくらんぼ　米国産　生,64
さくらんぼ　米国産　缶詰,70
ざくろ　生,63
すいか　赤肉種　生,41
すいか　黄肉種　生,41
（すぐり類）　カシス　冷凍,62
（すぐり類）　グーズベリー　生,51
スターフルーツ　生,30
（すもも類）　にほんすもも　生,46
（すもも類）　プルーン　生,49
（すもも類）　プルーン　乾,211
チェリモヤ　生,82
ドラゴンフルーツ　生,52
ドリアン　生,140
（なし類）　日本なし　生,38
（なし類）　日本なし　缶詰,76
（なし類）　中国なし　生,49
（なし類）　西洋なし　生,48
（なし類）　西洋なし　缶詰,79
なつめ　乾,294
なつめやし　乾,281
パインアップル　生,54
パインアップル　焼き,74
パインアップル　果実飲料　ストレートジュース,46
パインアップル　果実飲料　濃縮還元ジュース,45
パインアップル　果実飲料　50%果汁入り飲料,50
パインアップル　果実飲料　10%果汁入り飲料,50
パインアップル　缶詰,76
パインアップル　砂糖漬,349
ハスカップ　生,55
パッションフルーツ　果汁　生,67
バナナ　生,93
バナナ　乾,314
パパイア　完熟　生,33
パパイア　未熟　生,35
びわ　生,41
びわ　缶詰,80
ぶどう　皮なし　生,58
ぶどう　皮つき　生,69
ぶどう　干しぶどう,324
ぶどう　果実飲料　ストレートジュース,54
ぶどう　果実飲料　濃縮還元ジュース,46
ぶどう　果実飲料　70%果汁入り飲料,52
ぶどう　果実飲料　10%果汁入り飲料,52
ぶどう　缶詰,83
ぶどう　ジャム,189
ブルーベリー　生,48
ブルーベリー　ジャム,174
ブルーベリー　乾,280
ホワイトサポテ　生,73
まくわうり　黄肉種　生,34
まくわうり　白肉種　生,34
マルメロ　生,48
マンゴー　生,68
マンゴー　ドライマンゴー,339
マンゴスチン　生,71
メロン　温室メロン　生,40
メロン　露地メロン　緑肉種　生,45
メロン　露地メロン　赤肉種　生,45
（もも類）　もも　白肉種　生,38
（もも類）　もも　黄肉種　生,48
（もも類）　もも　果実飲料　30%果汁入り飲料　（ネクター）,46
（もも類）　もも　缶詰　白肉種　果肉,82
（もも類）　もも　缶詰　黄肉種　果肉,83
（もも類）　もも　缶詰　液汁,81
（もも類）　ネクタリン　生,39
やまもも　生,47
ライチー　生,61
ラズベリー　生,36
りゅうがん　乾,310
りんご　皮なし　生,53
りんご　皮つき　生,56
りんご　皮つき　焼き,86
りんご　果実飲料　ストレートジュース,43
りんご　果実飲料　濃縮還元ジュース,47
りんご　果実飲料　50%果汁入り飲料,46
りんご　果実飲料　30%果汁入り飲料,46
りんご　缶詰,81
りんご　ジャム,203
えのきたけ　生,34
えのきたけ　ゆで,34
えのきたけ　油いため,71
えのきたけ　味付け瓶詰,76
（きくらげ類）　あらげきくらげ　生,14
（きくらげ類）　あらげきくらげ　乾,184
（きくらげ類）　あらげきくらげ　ゆで,38
（きくらげ類）　あらげきくらげ　油いため,110
（きくらげ類）　きくらげ　乾,216
（きくらげ類）　きくらげ　ゆで,14
（きくらげ類）　しろきくらげ　乾,170
（きくらげ類）　しろきくらげ　ゆで,15
くろあわびたけ　生,28
しいたけ　生しいたけ　菌床栽培　生,25
しいたけ　生しいたけ　菌床栽培　ゆで,22
しいたけ　生しいたけ　菌床栽培　油いため,65
しいたけ　生しいたけ　菌床栽培　天ぷら,201
しいたけ　生しいたけ　原木栽培　生,34
しいたけ　生しいたけ　原木栽培　ゆで,27
しいたけ　生しいたけ　原木栽培　油いため,84
しいたけ　乾しいたけ　乾,258
しいたけ　乾しいたけ　ゆで,40
しいたけ　乾しいたけ　甘煮,116
（しめじ類）　はたけしめじ　生,25
（しめじ類）　はたけしめじ　ゆで,25
（しめじ類）　ぶなしめじ　生,26
（しめじ類）　ぶなしめじ　ゆで,22
（しめじ類）　ぶなしめじ　油いため,65
（しめじ類）　ぶなしめじ　素揚げ,168
（しめじ類）　ぶなしめじ　天ぷら,248
（しめじ類）　ほんしめじ　生,21
（しめじ類）　ほんしめじ　ゆで,26
たもぎたけ　生,23
なめこ　株採り　生,21
なめこ　株採り　ゆで,22
なめこ　カットなめこ　生,14
なめこ　水煮缶詰,13
ぬめりすぎたけ　生,23
（ひらたけ類）　うすひらたけ　生,37
（ひらたけ類）　エリンギ　生,31
（ひらたけ類）　エリンギ　ゆで,32
（ひらたけ類）　エリンギ　焼き,41
（ひらたけ類）　エリンギ　油いため,69
（ひらたけ類）　ひらたけ　生,34
（ひらたけ類）　ひらたけ　ゆで,33
まいたけ　生,22
まいたけ　ゆで,27
まいたけ　油いため,67
まいたけ　乾,273
マッシュルーム　生,15
マッシュルーム　ゆで,20
マッシュルーム　油いため,57
マッシュルーム　水煮缶詰,18
まつたけ　生,32
やなぎまつたけ　生,20
あおさ　素干し,201
あおのり　素干し,249
あまのり　ほしのり,276
あまのり　焼きのり,297
あまのり　味付けのり,301
あらめ　蒸し干し,183
いわのり　素干し,228
うみぶどう　生,6
えごのり　素干し,179
えごのり　おきうと,7
おごのり　塩蔵　塩抜き,26
かわのり　素干し,247
（こんぶ類）　えながおにこんぶ　素干し,224
（こんぶ類）　がごめこんぶ　素干し,216
（こんぶ類）　ながこんぶ　素干し,205
（こんぶ類）　ほそめこんぶ　素干し,227
（こんぶ類）　まこんぶ　素干し　乾,170
（こんぶ類）　まこんぶ　素干し　水煮,28
（こんぶ類）　みついしこんぶ　素干し,235
（こんぶ類）　りしりこんぶ　素干し,211
（こんぶ類）　刻み昆布,119
（こんぶ類）　削り昆布,177
（こんぶ類）　塩昆布,193
（こんぶ類）　つくだ煮,150
すいぜんじのり　素干し　水戻し,10
てんぐさ　素干し,194
てんぐさ　ところてん,2
てんぐさ　角寒天,159
てんぐさ　寒天,3
てんぐさ　粉寒天,160
とさかのり　赤とさか　塩蔵　塩抜き,19
とさかのり　青とさか　塩蔵　塩抜き,17
ひじき　ほしひじき　ステンレス釜　乾,180
ひじき　ほしひじき　ステンレス釜　ゆで,11
ひじき　ほしひじき　ステンレス釜　油いため,51
ひじき　ほしひじき　鉄釜　乾,186
ひじき　ほしひじき　鉄釜　ゆで,13
ひじき　ほしひじき　鉄釜　油いため,54
ひとえぐさ　素干し,172
ひとえぐさ　つくだ煮,148
ふのり　素干し,207
まつも　素干し,252
むかでのり　塩蔵　塩抜き,12
（もずく類）　おきなわもずく　塩蔵　塩抜き,7
（もずく類）　もずく　塩蔵　塩抜き,4
わかめ　原藻　生,24
わかめ　乾燥わかめ　素干し,164
わかめ　乾燥わかめ　素干し　水戻し,22
わかめ　乾燥わかめ　板わかめ,200
わかめ　乾燥わかめ　灰干し　水戻し,9
わかめ　カットわかめ　乾,186
わかめ　カットわかめ　水煮　（沸騰水で短時間加熱したもの）,17
わかめ　カットわかめ　水煮の汁,0
わかめ　湯通し塩蔵わかめ　塩抜き　生,16
わかめ　湯通し塩蔵わかめ　塩抜き　ゆで,7
わかめ　くきわかめ　湯通し塩蔵　塩抜き,18
わかめ　めかぶわかめ　生,14
＜魚類＞　あいなめ　生,105
＜魚類＞　あこうだい　生,86
＜魚類＞　（あじ類）　まあじ　皮つき　生,112
＜魚類＞　（あじ類）　まあじ　皮なし　生,108
＜魚類＞　（あじ類）　まあじ　皮つき　水煮,136
＜魚類＞　（あじ類）　まあじ　皮つき　焼き,157
＜魚類＞　（あじ類）　まあじ　皮つき　フライ,270
＜魚類＞　（あじ類）　まあじ　開き干し　生,150
＜魚類＞　（あじ類）　まあじ　開き干し　焼き,194
＜魚類＞　（あじ類）　まあじ　小型　骨付き　生,114
＜魚類＞　（あじ類）　まあじ　小型　骨付き　から揚げ,268
＜魚類＞　（あじ類）　まるあじ　生,133
＜魚類＞　（あじ類）　まるあじ　焼き,175
＜魚類＞　（あじ類）　にしまあじ　生,156
＜魚類＞　（あじ類）　にしまあじ　水煮,160
＜魚類＞　（あじ類）　にしまあじ　焼き,186
＜魚類＞　（あじ類）　むろあじ　生,147
＜魚類＞　（あじ類）　むろあじ　焼き,167
＜魚類＞　（あじ類）　むろあじ　開き干し,140
＜魚類＞　（あじ類）　むろあじ　くさや,223
＜魚類＞　あなご　生,146
＜魚類＞　あなご　蒸し,173
＜魚類＞　あまご　養殖　生,102
＜魚類＞　あまだい　生,102
＜魚類＞　あまだい　水煮,113
＜魚類＞　あまだい　焼き,110
＜魚類＞　あゆ　天然　生,93
＜魚類＞　あゆ　天然　焼き,149
＜魚類＞　あゆ　天然　内臓　生,180
＜魚類＞　あゆ　天然　内臓　焼き,161
＜魚類＞　あゆ　養殖　生,138
＜魚類＞　あゆ　養殖　焼き,202
＜魚類＞　あゆ　養殖　内臓　生,485
＜魚類＞　あゆ　養殖　内臓　焼き,500
＜魚類＞　あゆ　うるか,157
＜魚類＞　アラスカめぬけ　生,96
＜魚類＞　あんこう　生,54
＜魚類＞　あんこう　きも　生,401
＜魚類＞　いかなご　生,111
＜魚類＞　いかなご　煮干し,218
＜魚類＞　いかなご　つくだ煮,271
＜魚類＞　いかなご　あめ煮,268
＜魚類＞　いさき　生,116
＜魚類＞　いしだい　生,138
＜魚類＞　いとよりだい　生,85
＜魚類＞　いとよりだい　すり身,90
＜魚類＞　いぼだい　生,132
＜魚類＞　（いわし類）　うるめいわし　生,124
＜魚類＞　（いわし類）　うるめいわし　丸干し,219
＜魚類＞　（いわし類）　かたくちいわし　生,171
＜魚類＞　（いわし類）　かたくちいわし　煮干し,298
＜魚類＞　（いわし類）　かたくちいわし　田作り,304
＜魚類＞　（いわし類）　まいわし　生,156
＜魚類＞　（いわし類）　まいわし　水煮,182
＜魚類＞　（いわし類）　まいわし　焼き,199
＜魚類＞　（いわし類）　まいわし　フライ,384
＜魚類＞　（いわし類）　まいわし　塩いわし,143
＜魚類＞　（いわし類）　まいわし　生干し,217
＜魚類＞　（いわし類）　まいわし　丸干し,177
＜魚類＞　（いわし類）　めざし　生,206
＜魚類＞　（いわし類）　めざし　焼き,200
＜魚類＞　（いわし類）　しらす　生,67
＜魚類＞　（いわし類）　しらす　釜揚げしらす,84
＜魚類＞　（いわし類）　しらす干し　微乾燥品,113
＜魚類＞　（いわし類）　しらす干し　半乾燥品,187
＜魚類＞　（いわし類）　たたみいわし,348
＜魚類＞　（いわし類）　みりん干し　かたくちいわし,330
＜魚類＞　（いわし類）　みりん干し　まいわし,314
＜魚類＞　（いわし類）　缶詰　水煮,168
＜魚類＞　（いわし類）　缶詰　味付け,203
＜魚類＞　（いわし類）　缶詰　トマト漬,167
＜魚類＞　（いわし類）　缶詰　油漬,351
＜魚類＞　（いわし類）　缶詰　かば焼,234
＜魚類＞　（いわし類）　缶詰　アンチョビ,157
＜魚類＞　いわな　養殖　生,101
＜魚類＞　うぐい　生,93
＜魚類＞　うなぎ　養殖　生,228
＜魚類＞　うなぎ　きも　生,102
＜魚類＞　うなぎ　白焼き,300
＜魚類＞　うなぎ　かば焼,285
＜魚類＞　うまづらはぎ　生,75
＜魚類＞　うまづらはぎ　味付け開き干し,289
＜魚類＞　えい　生,79
＜魚類＞　えそ　生,87
＜魚類＞　おいかわ　生,124
＜魚類＞　おおさが　生,131
＜魚類＞　おこぜ　生,81
＜魚類＞　おひょう　生,93
＜魚類＞　かさご　生,83
＜魚類＞　かじか　生,98
＜魚類＞　かじか　水煮,108
＜魚類＞　かじか　つくだ煮,293
＜魚類＞　（かじき類）　くろかじき　生,93
＜魚類＞　（かじき類）　まかじき　生,107
＜魚類＞　（かじき類）　めかじき　生,139
＜魚類＞　（かじき類）　めかじき　焼き,202
＜魚類＞　（かつお類）　かつお　春獲り　生,108
＜魚類＞　（かつお類）　かつお　秋獲り　生,150
＜魚類＞　（かつお類）　そうだがつお　生,126
＜魚類＞　（かつお類）　加工品　なまり,126
＜魚類＞　（かつお類）　加工品　なまり節,162
＜魚類＞　（かつお類）　加工品　裸節,309
＜魚類＞　（かつお類）　加工品　かつお節,332
＜魚類＞　（かつお類）　加工品　削り節,327
＜魚類＞　（かつお類）　加工品　削り節つくだ煮,233
＜魚類＞　（かつお類）　加工品　角煮,221
＜魚類＞　（かつお類）　加工品　塩辛,58
＜魚類＞　（かつお類）　缶詰　味付け　フレーク,139
＜魚類＞　（かつお類）　缶詰　油漬　フレーク,289
＜魚類＞　かます　生,137
＜魚類＞　かます　焼き,134
＜魚類＞　（かれい類）　まがれい　生,89
＜魚類＞　（かれい類）　まがれい　水煮,97
＜魚類＞　（かれい類）　まがれい　焼き,104
＜魚類＞　（かれい類）　まこがれい　生,86
＜魚類＞　（かれい類）　まこがれい　焼き,138
＜魚類＞　（かれい類）　子持ちがれい　生,123
＜魚類＞　（かれい類）　子持ちがれい　水煮,137
＜魚類＞　（かれい類）　干しかれい,104
＜魚類＞　かわはぎ　生,77
＜魚類＞　かんぱち　三枚おろし　生,119
＜魚類＞　かんぱち　背側　生,95
＜魚類＞　きす　生,73
＜魚類＞　きす　天ぷら,234
＜魚類＞　きちじ　生,238
＜魚類＞　きびなご　生,85
＜魚類＞　きびなご　調味干し,241
＜魚類＞　キャビア　塩蔵品,242
＜魚類＞　キングクリップ　生,73
＜魚類＞　ぎんだら　生,210
＜魚類＞　ぎんだら　水煮,253
＜魚類＞　きんめだい　生,147
＜魚類＞　ぐち　生,78
＜魚類＞　ぐち　焼き,100
＜魚類＞　こい　養殖　生,157
＜魚類＞　こい　養殖　水煮,190
＜魚類＞　こい　養殖　内臓　生,258
＜魚類＞　（こち類）　まごち　生,94
＜魚類＞　（こち類）　めごち　生,73
＜魚類＞　このしろ　生,146
＜魚類＞　このしろ　甘酢漬,184
＜魚類＞　（さけ・ます類）　からふとます　生,139
＜魚類＞　（さけ・ます類）　からふとます　焼き,175
＜魚類＞　（さけ・ます類）　からふとます　塩ます,146
＜魚類＞　（さけ・ます類）　からふとます　水煮缶詰,145
＜魚類＞　（さけ・ます類）　ぎんざけ　養殖　生,188
＜魚類＞　（さけ・ます類）　ぎんざけ　養殖　焼き,236
＜魚類＞　（さけ・ます類）　さくらます　生,146
＜魚類＞　（さけ・ます類）　さくらます　焼き,208
＜魚類＞　（さけ・ます類）　しろさけ　生,124
＜魚類＞　（さけ・ます類）　しろさけ　水煮,142
＜魚類＞　（さけ・ます類）　しろさけ　焼き,160
＜魚類＞　（さけ・ます類）　しろさけ　新巻き　生,138
＜魚類＞　（さけ・ます類）　しろさけ　新巻き　焼き,177
＜魚類＞　（さけ・ます類）　しろさけ　塩ざけ,183
＜魚類＞　（さけ・ます類）　しろさけ　イクラ,252
＜魚類＞　（さけ・ます類）　しろさけ　すじこ,263
＜魚類＞　（さけ・ます類）　しろさけ　めふん,74
＜魚類＞　（さけ・ます類）　しろさけ　水煮缶詰,156
＜魚類＞　（さけ・ます類）　しろさけ　サケ節　削り節,346
＜魚類＞　（さけ・ます類）　たいせいようさけ　養殖　皮つき　生,218
＜魚類＞　（さけ・ます類）　たいせいようさけ　養殖　皮つき　水煮,236
＜魚類＞　（さけ・ます類）　たいせいようさけ　養殖　皮つき　蒸し,230
＜魚類＞　（さけ・ます類）　たいせいようさけ　養殖　皮つき　電子レンジ調理,223
＜魚類＞　（さけ・ます類）　たいせいようさけ　養殖　皮つき　焼き,270
＜魚類＞　（さけ・ます類）　たいせいようさけ　養殖　皮つき　ソテー,266
＜魚類＞　（さけ・ます類）　たいせいようさけ　養殖　皮つき　天ぷら,282
＜魚類＞　（さけ・ます類）　たいせいようさけ　養殖　皮なし　生,223
＜魚類＞　（さけ・ます類）　たいせいようさけ　養殖　皮なし　水煮,244
＜魚類＞　（さけ・ます類）　たいせいようさけ　養殖　皮なし　蒸し,228
＜魚類＞　（さけ・ます類）　たいせいようさけ　養殖　皮なし　電子レンジ調理,231
＜魚類＞　（さけ・ます類）　たいせいようさけ　養殖　皮なし　焼き,229
＜魚類＞　（さけ・ます類）　たいせいようさけ　養殖　皮なし　ソテー,269
＜魚類＞　（さけ・ます類）　たいせいようさけ　養殖　皮なし　天ぷら,266
＜魚類＞　（さけ・ます類）　にじます　海面養殖　皮つき　生,201
＜魚類＞　（さけ・ます類）　にじます　海面養殖　皮なし　生,176
＜魚類＞　（さけ・ます類）　にじます　海面養殖　皮つき　焼き,238
＜魚類＞　（さけ・ます類）　にじます　淡水養殖　皮つき　生,116
＜魚類＞　（さけ・ます類）　べにざけ　生,127
＜魚類＞　（さけ・ます類）　べにざけ　焼き,163
＜魚類＞　（さけ・ます類）　べにざけ　くん製,143
＜魚類＞　（さけ・ます類）　ますのすけ　生,176
＜魚類＞　（さけ・ます類）　ますのすけ　焼き,238
＜魚類＞　（さば類）　まさば　生,211
＜魚類＞　（さば類）　まさば　水煮,253
＜魚類＞　（さば類）　まさば　焼き,264
＜魚類＞　（さば類）　まさば　フライ,316
＜魚類＞　（さば類）　ごまさば　生,131
＜魚類＞　（さば類）　ごまさば　水煮,139
＜魚類＞　（さば類）　ごまさば　焼き,174
＜魚類＞　（さば類）　ごまさば　さば節,330
＜魚類＞　（さば類）　たいせいようさば　生,295
＜魚類＞　（さば類）　たいせいようさば　水煮,310
＜魚類＞　（さば類）　たいせいようさば　焼き,326
＜魚類＞　（さば類）　加工品　塩さば,263
＜魚類＞　（さば類）　加工品　開き干し,303
＜魚類＞　（さば類）　加工品　しめさば,292
＜魚類＞　（さば類）　缶詰　水煮,174
＜魚類＞　（さば類）　缶詰　みそ煮,210
＜魚類＞　（さば類）　缶詰　味付け,208
＜魚類＞　（さめ類）　あぶらつのざめ　生,138
＜魚類＞　（さめ類）　よしきりざめ　生,79
＜魚類＞　（さめ類）　ふかひれ,344
＜魚類＞　さより　生,88
＜魚類＞　さわら　生,161
＜魚類＞　さわら　焼き,184
＜魚類＞　さんま　皮つき　生,287
＜魚類＞　さんま　皮なし　生,277
＜魚類＞　さんま　皮つき　焼き,281
＜魚類＞　さんま　開き干し,232
＜魚類＞　さんま　みりん干し,382
＜魚類＞　さんま　缶詰　味付け,259
＜魚類＞　さんま　缶詰　かば焼,219
＜魚類＞　しいら　生,100
＜魚類＞　（ししゃも類）　ししゃも　生干し　生,152
＜魚類＞　（ししゃも類）　ししゃも　生干し　焼き,162
＜魚類＞　（ししゃも類）　からふとししゃも　生干し　生,160
＜魚類＞　（ししゃも類）　からふとししゃも　生干し　焼き,170
＜魚類＞　したびらめ　生,89
＜魚類＞　しまあじ　養殖　生,153
＜魚類＞　しらうお　生,70
＜魚類＞　シルバー　生,138
＜魚類＞　すずき　生,113
＜魚類＞　（たい類）　きだい　生,100
＜魚類＞　（たい類）　くろだい　生,137
＜魚類＞　（たい類）　ちだい　生,97
＜魚類＞　（たい類）　まだい　天然　生,129
＜魚類＞　（たい類）　まだい　養殖　皮つき　生,160
＜魚類＞　（たい類）　まだい　養殖　皮つき　水煮,182
＜魚類＞　（たい類）　まだい　養殖　皮つき　焼き,186
＜魚類＞　（たい類）　まだい　養殖　皮なし　生,131
＜魚類＞　たかさご　生,93
＜魚類＞　たかべ　生,148
＜魚類＞　たちうお　生,238
＜魚類＞　（たら類）　すけとうだら　生,72
＜魚類＞　（たら類）　すけとうだら　フライ,195
＜魚類＞　（たら類）　すけとうだら　すり身,98
＜魚類＞　（たら類）　すけとうだら　すきみだら,165
＜魚類＞　（たら類）　すけとうだら　たらこ　生,131
＜魚類＞　（たら類）　すけとうだら　たらこ　焼き,158
＜魚類＞　（たら類）　すけとうだら　からしめんたいこ,121
＜魚類＞　（たら類）　まだら　生,72
＜魚類＞　（たら類）　まだら　焼き,103
＜魚類＞　（たら類）　まだら　しらこ　生,60
＜魚類＞　（たら類）　まだら　塩だら,61
＜魚類＞　（たら類）　まだら　干しだら,299
＜魚類＞　（たら類）　加工品　でんぶ,276
＜魚類＞　（たら類）　加工品　桜でんぶ,351
＜魚類＞　ちか　生,82
＜魚類＞　どじょう　生,72
＜魚類＞　どじょう　水煮,76
＜魚類＞　とびうお　生,89
＜魚類＞　とびうお　煮干し,325
＜魚類＞　とびうお　焼き干し,309
＜魚類＞　ナイルティラピア　生,124
＜魚類＞　なまず　生,145
＜魚類＞　にぎす　生,84
＜魚類＞　にしん　生,196
＜魚類＞　にしん　身欠きにしん,224
＜魚類＞　にしん　開き干し,239
＜魚類＞　にしん　くん製,280
＜魚類＞　にしん　かずのこ　生,139
＜魚類＞　にしん　かずのこ　乾,358
＜魚類＞　にしん　かずのこ　塩蔵　水戻し,80
＜魚類＞　はぜ　生,78
＜魚類＞　はぜ　つくだ煮,277
＜魚類＞　はぜ　甘露煮,260
＜魚類＞　はたはた　生,101
＜魚類＞　はたはた　生干し,154
＜魚類＞　はまふえふき　生,85
＜魚類＞　はも　生,132
＜魚類＞　ひらまさ　生,128
＜魚類＞　ひらめ　天然　生,96
＜魚類＞　ひらめ　養殖　皮つき　生,115
＜魚類＞　ひらめ　養殖　皮なし　生,100
＜魚類＞　（ふぐ類）　とらふぐ　養殖　生,80
＜魚類＞　（ふぐ類）　まふぐ　生,78
＜魚類＞　ふな　生,93
＜魚類＞　ふな　水煮,104
＜魚類＞　ふな　甘露煮,266
＜魚類＞　ふな　ふなずし,181
＜魚類＞　ぶり　成魚　生,222
＜魚類＞　ぶり　成魚　焼き,260
＜魚類＞　ぶり　はまち　養殖　皮つき　生,217
＜魚類＞　ぶり　はまち　養殖　皮なし　生,180
＜魚類＞　ほうぼう　生,110
＜魚類＞　ホキ　生,78
＜魚類＞　ほっけ　生,103
＜魚類＞　ほっけ　塩ほっけ,113
＜魚類＞　ほっけ　開き干し　生,161
＜魚類＞　ほっけ　開き干し　焼き,179
＜魚類＞　ぼら　生,119
＜魚類＞　ぼら　からすみ,353
＜魚類＞　ほんもろこ　生,103
＜魚類＞　（まぐろ類）　きはだ　生,102
＜魚類＞　（まぐろ類）　くろまぐろ　天然　赤身　生,115
＜魚類＞　（まぐろ類）　くろまぐろ　天然　脂身　生,308
＜魚類＞　（まぐろ類）　くろまぐろ　養殖　赤身　生,153
＜魚類＞　（まぐろ類）　くろまぐろ　養殖　赤身　水煮,173
＜魚類＞　（まぐろ類）　くろまぐろ　養殖　赤身　蒸し,187
＜魚類＞　（まぐろ類）　くろまぐろ　養殖　赤身　電子レンジ調理,191
＜魚類＞　（まぐろ類）　くろまぐろ　養殖　赤身　焼き,202
＜魚類＞　（まぐろ類）　くろまぐろ　養殖　赤身　ソテー,194
＜魚類＞　（まぐろ類）　くろまぐろ　養殖　赤身　天ぷら,222
＜魚類＞　（まぐろ類）　びんなが　生,111
＜魚類＞　（まぐろ類）　みなみまぐろ　赤身　生,88
＜魚類＞　（まぐろ類）　みなみまぐろ　脂身　生,322
＜魚類＞　（まぐろ類）　めじまぐろ　生,139
＜魚類＞　（まぐろ類） めばち　赤身　生,115
＜魚類＞　（まぐろ類） めばち　脂身　生,158
＜魚類＞　（まぐろ類）　缶詰　水煮　フレーク　ライト,70
＜魚類＞　（まぐろ類）　缶詰　水煮　フレーク　ホワイト,96
＜魚類＞　（まぐろ類）　缶詰　味付け　フレーク,134
＜魚類＞　（まぐろ類）　缶詰　油漬　フレーク　ライト,265
＜魚類＞　（まぐろ類）　缶詰　油漬　フレーク　ホワイト,279
＜魚類＞　マジェランあいなめ　生,243
＜魚類＞　まながつお　生,161
＜魚類＞　みなみくろたち　生,112
＜魚類＞　みなみだら　生,68
＜魚類＞　むつ　生,175
＜魚類＞　むつ　水煮,161
＜魚類＞　めじな　生,113
＜魚類＞　めばる　生,100
＜魚類＞　メルルーサ　生,73
＜魚類＞　やつめうなぎ　生,245
＜魚類＞　やつめうなぎ　干しやつめ,449
＜魚類＞　やまめ　養殖　生,110
＜魚類＞　わかさぎ　生,71
＜魚類＞　わかさぎ　つくだ煮,308
＜魚類＞　わかさぎ　あめ煮,301
＜貝類＞　あかがい　生,70
＜貝類＞　あげまき　生,44
＜貝類＞　あさり　生,27
＜貝類＞　あさり　つくだ煮,218
＜貝類＞　あさり　缶詰　水煮,102
＜貝類＞　あさり　缶詰　味付け,124
＜貝類＞　あわび　くろあわび　生,76
＜貝類＞　あわび　まだかあわび　生,74
＜貝類＞　あわび　めがいあわび　生,74
＜貝類＞　あわび　干し,257
＜貝類＞　あわび　塩辛,93
＜貝類＞　あわび　水煮缶詰,85
＜貝類＞　いがい　生,63
＜貝類＞　いたやがい　養殖　生,55
＜貝類＞　エスカルゴ　水煮缶詰,75
＜貝類＞　かき　養殖　生,58
＜貝類＞　かき　養殖　水煮,90
＜貝類＞　かき　養殖　フライ,256
＜貝類＞　かき　くん製油漬缶詰,294
＜貝類＞　さざえ　生,83
＜貝類＞　さざえ　焼き,91
＜貝類＞　さるぼう　味付け缶詰,131
＜貝類＞　しじみ　生,54
＜貝類＞　しじみ　水煮,95
＜貝類＞　たいらがい　貝柱　生,94
＜貝類＞　たにし　生,73
＜貝類＞　つぶ　生,82
＜貝類＞　とこぶし　生,78
＜貝類＞　とりがい　斧足　生,81
＜貝類＞　ばい　生,81
＜貝類＞　ばかがい　生,56
＜貝類＞　（はまぐり類）　はまぐり　生,35
＜貝類＞　（はまぐり類）　はまぐり　水煮,79
＜貝類＞　（はまぐり類）　はまぐり　焼き,70
＜貝類＞　（はまぐり類）　はまぐり　つくだ煮,211
＜貝類＞　（はまぐり類）　ちょうせんはまぐり　生,41
＜貝類＞　ほたてがい　生,66
＜貝類＞　ほたてがい　水煮,89
＜貝類＞　ほたてがい　貝柱　生,82
＜貝類＞　ほたてがい　貝柱　焼き,123
＜貝類＞　ほたてがい　貝柱　煮干し,301
＜貝類＞　ほたてがい　貝柱　水煮缶詰,87
＜貝類＞　ほっきがい　生,66
＜貝類＞　みるがい　水管　生,77
＜えび・かに類＞　（えび類）　あまえび　生,85
＜えび・かに類＞　（えび類）　いせえび　生,86
＜えび・かに類＞　（えび類）　くるまえび　養殖　生,90
＜えび・かに類＞　（えび類）　くるまえび　養殖　ゆで,116
＜えび・かに類＞　（えび類）　くるまえび　養殖　焼き,97
＜えび・かに類＞　（えび類）　さくらえび　生,78
＜えび・かに類＞　（えび類）　さくらえび　ゆで,82
＜えび・かに類＞　（えび類）　さくらえび　素干し,286
＜えび・かに類＞　（えび類）　さくらえび　煮干し,252
＜えび・かに類＞　（えび類）　大正えび　生,89
＜えび・かに類＞　（えび類）　しばえび　生,78
＜えび・かに類＞　（えび類）　バナメイえび　養殖　生,82
＜えび・かに類＞　（えび類）　バナメイえび　養殖　天ぷら,194
＜えび・かに類＞　（えび類）　ブラックタイガー　養殖　生,77
＜えび・かに類＞　（えび類）　加工品　干しえび,213
＜えび・かに類＞　（えび類）　加工品　つくだ煮,239
＜えび・かに類＞　（かに類）　がざみ　生,61
＜えび・かに類＞　（かに類）　毛がに　生,67
＜えび・かに類＞　（かに類）　毛がに　ゆで,78
＜えび・かに類＞　（かに類）　ずわいがに　生,59
＜えび・かに類＞　（かに類）　ずわいがに　ゆで,65
＜えび・かに類＞　（かに類）　ずわいがに　水煮缶詰,69
＜えび・かに類＞　（かに類）　たらばがに　生,56
＜えび・かに類＞　（かに類）　たらばがに　ゆで,77
＜えび・かに類＞　（かに類）　たらばがに　水煮缶詰,85
＜えび・かに類＞　（かに類）　加工品　がん漬,58
＜いか・たこ類＞　（いか類）　あかいか　生,81
＜いか・たこ類＞　（いか類）　けんさきいか　生,77
＜いか・たこ類＞　（いか類）　こういか　生,64
＜いか・たこ類＞　（いか類）　するめいか　生,76
＜いか・たこ類＞　（いか類）　するめいか　水煮,98
＜いか・たこ類＞　（いか類）　するめいか　焼き,108
＜いか・たこ類＞　（いか類）　するめいか　胴　皮つき　生,78
＜いか・たこ類＞　（いか類）　するめいか　胴　皮なし　生,80
＜いか・たこ類＞　（いか類）　するめいか　胴　皮なし　天ぷら,175
＜いか・たこ類＞　（いか類）　するめいか　耳・足　生,75
＜いか・たこ類＞　（いか類）　ほたるいか　生,74
＜いか・たこ類＞　（いか類）　ほたるいか　ゆで,91
＜いか・たこ類＞　（いか類）　ほたるいか　くん製,305
＜いか・たこ類＞　（いか類）　ほたるいか　つくだ煮,245
＜いか・たこ類＞　（いか類）　やりいか　生,79
＜いか・たこ類＞　（いか類）　加工品　するめ,304
＜いか・たこ類＞　（いか類）　加工品　さきいか,268
＜いか・たこ類＞　（いか類）　加工品　くん製,202
＜いか・たこ類＞　（いか類）　加工品　切りいかあめ煮,310
＜いか・たこ類＞　（いか類）　加工品　いかあられ,289
＜いか・たこ類＞　（いか類）　加工品　塩辛,114
＜いか・たこ類＞　（いか類）　加工品　味付け缶詰,127
＜いか・たこ類＞　（たこ類）　いいだこ　生,64
＜いか・たこ類＞　（たこ類）　まだこ　生,70
＜いか・たこ類＞　（たこ類）　まだこ　ゆで,91
＜いか・たこ類＞　（たこ類）　みずだこ　生,61
＜その他＞　あみ　つくだ煮,230
＜その他＞　あみ　塩辛,62
＜その他＞　うに　生うに,109
＜その他＞　うに　粒うに,172
＜その他＞　うに　練りうに,166
＜その他＞　おきあみ　生,84
＜その他＞　おきあみ　ゆで,78
＜その他＞　くらげ　塩蔵　塩抜き,21
＜その他＞　しゃこ　ゆで,89
＜その他＞　なまこ　生,22
＜その他＞　なまこ　このわた,54
＜その他＞　ほや　生,27
＜その他＞　ほや　塩辛,69
＜水産練り製品＞　かに風味かまぼこ,89
＜水産練り製品＞　黒はんぺん,119
＜水産練り製品＞　昆布巻きかまぼこ,83
＜水産練り製品＞　す巻きかまぼこ,89
＜水産練り製品＞　蒸しかまぼこ,93
＜水産練り製品＞　焼き抜きかまぼこ,102
＜水産練り製品＞　焼き竹輪,119
＜水産練り製品＞　だて巻,190
＜水産練り製品＞　つみれ,104
＜水産練り製品＞　なると,80
＜水産練り製品＞　はんぺん,93
＜水産練り製品＞　さつま揚げ,135
＜水産練り製品＞　魚肉ハム,155
＜水産練り製品＞　魚肉ソーセージ,158
＜畜肉類＞　いのしし　肉　脂身つき　生,249
＜畜肉類＞　いのぶた　肉　脂身つき　生,275
＜畜肉類＞　うさぎ　肉　赤肉　生,131
＜畜肉類＞　うし　［和牛肉］　かた　脂身つき　生,258
＜畜肉類＞　うし　［和牛肉］　かた　皮下脂肪なし　生,239
＜畜肉類＞　うし　［和牛肉］　かた　赤肉　生,183
＜畜肉類＞　うし　［和牛肉］　かた　脂身　生,692
＜畜肉類＞　うし　［和牛肉］　かたロース　脂身つき　生,380
＜畜肉類＞　うし　［和牛肉］　かたロース　皮下脂肪なし　生,373
＜畜肉類＞　うし　［和牛肉］　かたロース　赤肉　生,293
＜畜肉類＞　うし　［和牛肉］　リブロース　脂身つき　生,514
＜畜肉類＞　うし　［和牛肉］　リブロース　脂身つき　ゆで,539
＜畜肉類＞　うし　［和牛肉］　リブロース　脂身つき　焼き,541
＜畜肉類＞　うし　［和牛肉］　リブロース　皮下脂肪なし　生,502
＜畜肉類＞　うし　［和牛肉］　リブロース　赤肉　生,395
＜畜肉類＞　うし　［和牛肉］　リブロース　脂身　生,674
＜畜肉類＞　うし　［和牛肉］　サーロイン　脂身つき　生,460
＜畜肉類＞　うし　［和牛肉］　サーロイン　皮下脂肪なし　生,422
＜畜肉類＞　うし　［和牛肉］　サーロイン　赤肉　生,294
＜畜肉類＞　うし　［和牛肉］　ばら　脂身つき　生,472
＜畜肉類＞　うし　［和牛肉］　もも　脂身つき　生,235
＜畜肉類＞　うし　［和牛肉］　もも　皮下脂肪なし　生,212
＜畜肉類＞　うし　［和牛肉］　もも　皮下脂肪なし　ゆで,302
＜畜肉類＞　うし　［和牛肉］　もも　皮下脂肪なし　焼き,300
＜畜肉類＞　うし　［和牛肉］　もも　赤肉　生,176
＜畜肉類＞　うし　［和牛肉］　もも　脂身　生,664
＜畜肉類＞　うし　［和牛肉］　そともも　脂身つき　生,244
＜畜肉類＞　うし　［和牛肉］　そともも　皮下脂肪なし　生,219
＜畜肉類＞　うし　［和牛肉］　そともも　赤肉　生,159
＜畜肉類＞　うし　［和牛肉］　ランプ　脂身つき　生,319
＜畜肉類＞　うし　［和牛肉］　ランプ　皮下脂肪なし　生,293
＜畜肉類＞　うし　［和牛肉］　ランプ　赤肉　生,196
＜畜肉類＞　うし　［和牛肉］　ヒレ　赤肉　生,207
＜畜肉類＞　うし　［乳用肥育牛肉］　かた　脂身つき　生,231
＜畜肉類＞　うし　［乳用肥育牛肉］　かた　脂身つき　ゆで,298
＜畜肉類＞　うし　［乳用肥育牛肉］　かた　脂身つき　焼き,322
＜畜肉類＞　うし　［乳用肥育牛肉］　かた　皮下脂肪なし　生,193
＜畜肉類＞　うし　［乳用肥育牛肉］　かた　赤肉　生,138
＜畜肉類＞　うし　［乳用肥育牛肉］　かた　赤肉　ゆで,174
＜畜肉類＞　うし　［乳用肥育牛肉］　かた　赤肉　焼き,175
＜畜肉類＞　うし　［乳用肥育牛肉］　かた　脂身　生,650
＜畜肉類＞　うし　［乳用肥育牛肉］　かたロース　脂身つき　生,295
＜畜肉類＞　うし　［乳用肥育牛肉］　かたロース　皮下脂肪なし　生,285
＜畜肉類＞　うし　［乳用肥育牛肉］　かたロース　赤肉　生,196
＜畜肉類＞　うし　［乳用肥育牛肉］　リブロース　脂身つき　生,380
＜畜肉類＞　うし　［乳用肥育牛肉］　リブロース　脂身つき　ゆで,428
＜畜肉類＞　うし　［乳用肥育牛肉］　リブロース　脂身つき　焼き,457
＜畜肉類＞　うし　［乳用肥育牛肉］　リブロース　皮下脂肪なし　生,351
＜畜肉類＞　うし　［乳用肥育牛肉］　リブロース　赤肉　生,230
＜畜肉類＞　うし　［乳用肥育牛肉］　リブロース　脂身　生,703
＜畜肉類＞　うし　［乳用肥育牛肉］　サーロイン　脂身つき　生,313
＜畜肉類＞　うし　［乳用肥育牛肉］　サーロイン　皮下脂肪なし　生,253
＜畜肉類＞　うし　［乳用肥育牛肉］　サーロイン　赤肉　生,167
＜畜肉類＞　うし　［乳用肥育牛肉］　ばら　脂身つき　生,381
＜畜肉類＞　うし　［乳用肥育牛肉］　ばら　脂身つき　焼き,451
＜畜肉類＞　うし　［乳用肥育牛肉］　もも　脂身つき　生,196
＜畜肉類＞　うし　［乳用肥育牛肉］　もも　皮下脂肪なし　生,169
＜畜肉類＞　うし　［乳用肥育牛肉］　もも　皮下脂肪なし　ゆで,235
＜畜肉類＞　うし　［乳用肥育牛肉］　もも　皮下脂肪なし　焼き,227
＜畜肉類＞　うし　［乳用肥育牛肉］　もも　赤肉　生,130
＜畜肉類＞　うし　［乳用肥育牛肉］　もも　脂身　生,594
＜畜肉類＞　うし　［乳用肥育牛肉］　そともも　脂身つき　生,220
＜畜肉類＞　うし　［乳用肥育牛肉］　そともも　皮下脂肪なし　生,179
＜畜肉類＞　うし　［乳用肥育牛肉］　そともも　赤肉　生,131
＜畜肉類＞　うし　［乳用肥育牛肉］　ランプ　脂身つき　生,234
＜畜肉類＞　うし　［乳用肥育牛肉］　ランプ　皮下脂肪なし　生,203
＜畜肉類＞　うし　［乳用肥育牛肉］　ランプ　赤肉　生,142
＜畜肉類＞　うし　［乳用肥育牛肉］　ヒレ　赤肉　生,177
＜畜肉類＞　うし　［乳用肥育牛肉］　ヒレ　赤肉　焼き,238
＜畜肉類＞　うし　［交雑牛肉］　リブロース　脂身つき　生,489
＜畜肉類＞　うし　［交雑牛肉］　リブロース　脂身つき　ゆで,540
＜畜肉類＞　うし　［交雑牛肉］　リブロース　脂身つき　焼き,575
＜畜肉類＞　うし　［交雑牛肉］　リブロース　皮下脂肪なし　生,438
＜畜肉類＞　うし　［交雑牛肉］　リブロース　赤肉　生,338
＜畜肉類＞　うし　［交雑牛肉］　リブロース　脂身　生,759
＜畜肉類＞　うし　［交雑牛肉］　ばら　脂身つき　生,445
＜畜肉類＞　うし　［交雑牛肉］　もも　脂身つき　生,312
＜畜肉類＞　うし　［交雑牛肉］　もも　皮下脂肪なし　生,250
＜畜肉類＞　うし　［交雑牛肉］　もも　皮下脂肪なし　ゆで,331
＜畜肉類＞　うし　［交雑牛肉］　もも　皮下脂肪なし　焼き,313
＜畜肉類＞　うし　［交雑牛肉］　もも　赤肉　生,222
＜畜肉類＞　うし　［交雑牛肉］　もも　脂身　生,682
＜畜肉類＞　うし　［交雑牛肉］　ヒレ　赤肉　生,229
＜畜肉類＞　うし　［輸入牛肉］　かた　脂身つき　生,160
＜畜肉類＞　うし　［輸入牛肉］　かた　皮下脂肪なし　生,138
＜畜肉類＞　うし　［輸入牛肉］　かた　赤肉　生,114
＜畜肉類＞　うし　［輸入牛肉］　かた　脂身　生,537
＜畜肉類＞　うし　［輸入牛肉］　かたロース　脂身つき　生,221
＜畜肉類＞　うし　［輸入牛肉］　かたロース　皮下脂肪なし　生,219
＜畜肉類＞　うし　［輸入牛肉］　かたロース　赤肉　生,160
＜畜肉類＞　うし　［輸入牛肉］　リブロース　脂身つき　生,212
＜畜肉類＞　うし　［輸入牛肉］　リブロース　脂身つき　ゆで,307
＜畜肉類＞　うし　［輸入牛肉］　リブロース　脂身つき　焼き,306
＜畜肉類＞　うし　［輸入牛肉］　リブロース　皮下脂肪なし　生,203
＜畜肉類＞　うし　［輸入牛肉］　リブロース　赤肉　生,163
＜畜肉類＞　うし　［輸入牛肉］　リブロース　脂身　生,653
＜畜肉類＞　うし　［輸入牛肉］　サーロイン　脂身つき　生,273
＜畜肉類＞　うし　［輸入牛肉］　サーロイン　皮下脂肪なし　生,218
＜畜肉類＞　うし　［輸入牛肉］　サーロイン　赤肉　生,127
＜畜肉類＞　うし　［輸入牛肉］　ばら　脂身つき　生,338
＜畜肉類＞　うし　［輸入牛肉］　もも　脂身つき　生,148
＜畜肉類＞　うし　［輸入牛肉］　もも　皮下脂肪なし　生,133
＜畜肉類＞　うし　［輸入牛肉］　もも　皮下脂肪なし　ゆで,204
＜畜肉類＞　うし　［輸入牛肉］　もも　皮下脂肪なし　焼き,205
＜畜肉類＞　うし　［輸入牛肉］　もも　赤肉　生,117
＜畜肉類＞　うし　［輸入牛肉］　もも　脂身　生,580
＜畜肉類＞　うし　［輸入牛肉］　そともも　脂身つき　生,197
＜畜肉類＞　うし　［輸入牛肉］　そともも　皮下脂肪なし　生,178
＜畜肉類＞　うし　［輸入牛肉］　そともも　赤肉　生,117
＜畜肉類＞　うし　［輸入牛肉］　ランプ　脂身つき　生,214
＜畜肉類＞　うし　［輸入牛肉］　ランプ　皮下脂肪なし　生,174
＜畜肉類＞　うし　［輸入牛肉］　ランプ　赤肉　生,112
＜畜肉類＞　うし　［輸入牛肉］　ヒレ　赤肉　生,123
＜畜肉類＞　うし　［子牛肉］　リブロース　皮下脂肪なし　生,94
＜畜肉類＞　うし　［子牛肉］　ばら　皮下脂肪なし　生,113
＜畜肉類＞　うし　［子牛肉］　もも　皮下脂肪なし　生,107
＜畜肉類＞　うし　［ひき肉］　生,251
＜畜肉類＞　うし　［ひき肉］　焼き,280
＜畜肉類＞　うし　［副生物］　舌　生,318
＜畜肉類＞　うし　［副生物］　舌　焼き,401
＜畜肉類＞　うし　［副生物］　心臓　生,128
＜畜肉類＞　うし　［副生物］　肝臓　生,119
＜畜肉類＞　うし　［副生物］　じん臓　生,118
＜畜肉類＞　うし　［副生物］　第一胃　ゆで,166
＜畜肉類＞　うし　［副生物］　第二胃　ゆで,186
＜畜肉類＞　うし　［副生物］　第三胃　生,57
＜畜肉類＞　うし　［副生物］　第四胃　ゆで,308
＜畜肉類＞　うし　［副生物］　小腸　生,268
＜畜肉類＞　うし　［副生物］　大腸　生,150
＜畜肉類＞　うし　［副生物］　直腸　生,106
＜畜肉類＞　うし　［副生物］　腱　ゆで,152
＜畜肉類＞　うし　［副生物］　子宮　ゆで,95
＜畜肉類＞　うし　［副生物］　尾　生,440
＜畜肉類＞　うし　［副生物］　横隔膜　生,288
＜畜肉類＞　うし　［副生物］　横隔膜　ゆで,414
＜畜肉類＞　うし　［副生物］　横隔膜　焼き,401
＜畜肉類＞　うし　［加工品］　ローストビーフ,190
＜畜肉類＞　うし　［加工品］　コンビーフ缶詰,191
＜畜肉類＞　うし　［加工品］　味付け缶詰,156
＜畜肉類＞　うし　［加工品］　ビーフジャーキー,304
＜畜肉類＞　うし　［加工品］　スモークタン,273
＜畜肉類＞　うま　肉　赤肉　生,102
＜畜肉類＞　くじら　肉　赤肉　生,100
＜畜肉類＞　くじら　うねす　生,328
＜畜肉類＞　くじら　本皮　生,577
＜畜肉類＞　くじら　さらしくじら,28
＜畜肉類＞　しか　あかしか　赤肉　生,102
＜畜肉類＞　しか　にほんじか　赤肉　生,119
＜畜肉類＞　しか　にほんじか　えぞしか　赤肉　生,126
＜畜肉類＞　しか　にほんじか　ほんしゅうじか・きゅうしゅうじか　赤肉　生,107
＜畜肉類＞　ぶた　［大型種肉］　かた　脂身つき　生,201
＜畜肉類＞　ぶた　［大型種肉］　かた　皮下脂肪なし　生,158
＜畜肉類＞　ぶた　［大型種肉］　かた　赤肉　生,114
＜畜肉類＞　ぶた　［大型種肉］　かた　脂身　生,663
＜畜肉類＞　ぶた　［大型種肉］　かたロース　脂身つき　生,237
＜畜肉類＞　ぶた　［大型種肉］　かたロース　皮下脂肪なし　生,212
＜畜肉類＞　ぶた　［大型種肉］　かたロース　赤肉　生,146
＜畜肉類＞　ぶた　［大型種肉］　かたロース　脂身　生,644
＜畜肉類＞　ぶた　［大型種肉］　ロース　脂身つき　生,248
＜畜肉類＞　ぶた　［大型種肉］　ロース　脂身つき　ゆで,299
＜畜肉類＞　ぶた　［大型種肉］　ロース　脂身つき　焼き,310
＜畜肉類＞　ぶた　［大型種肉］　ロース　脂身つき　とんかつ,429
＜畜肉類＞　ぶた　［大型種肉］　ロース　皮下脂肪なし　生,190
＜畜肉類＞　ぶた　［大型種肉］　ロース　赤肉　生,140
＜畜肉類＞　ぶた　［大型種肉］　ロース　脂身　生,695
＜畜肉類＞　ぶた　［大型種肉］　ばら　脂身つき　生,366
＜畜肉類＞　ぶた　［大型種肉］　ばら　脂身つき　焼き,444
＜畜肉類＞　ぶた　［大型種肉］　もも　脂身つき　生,171
＜畜肉類＞　ぶた　［大型種肉］　もも　皮下脂肪なし　生,138
＜畜肉類＞　ぶた　［大型種肉］　もも　皮下脂肪なし　ゆで,185
＜畜肉類＞　ぶた　［大型種肉］　もも　皮下脂肪なし　焼き,186
＜畜肉類＞　ぶた　［大型種肉］　もも　赤肉　生,119
＜畜肉類＞　ぶた　［大型種肉］　もも　脂身　生,611
＜畜肉類＞　ぶた　［大型種肉］　そともも　脂身つき　生,221
＜畜肉類＞　ぶた　［大型種肉］　そともも　皮下脂肪なし　生,175
＜畜肉類＞　ぶた　［大型種肉］　そともも　赤肉　生,133
＜畜肉類＞　ぶた　［大型種肉］　そともも　脂身　生,631
＜畜肉類＞　ぶた　［大型種肉］　ヒレ　赤肉　生,118
＜畜肉類＞　ぶた　［大型種肉］　ヒレ　赤肉　焼き,202
＜畜肉類＞　ぶた　［大型種肉］　ヒレ　赤肉　とんかつ,379
＜畜肉類＞　ぶた　［中型種肉］　かた　脂身つき　生,224
＜畜肉類＞　ぶた　［中型種肉］　かた　皮下脂肪なし　生,172
＜畜肉類＞　ぶた　［中型種肉］　かた　赤肉　生,113
＜畜肉類＞　ぶた　［中型種肉］　かた　脂身　生,698
＜畜肉類＞　ぶた　［中型種肉］　かたロース　脂身つき　生,241
＜畜肉類＞　ぶた　［中型種肉］　かたロース　皮下脂肪なし　生,212
＜畜肉類＞　ぶた　［中型種肉］　かたロース　赤肉　生,140
＜畜肉類＞　ぶた　［中型種肉］　かたロース　脂身　生,663
＜畜肉類＞　ぶた　［中型種肉］　ロース　脂身つき　生,275
＜畜肉類＞　ぶた　［中型種肉］　ロース　皮下脂肪なし　生,203
＜畜肉類＞　ぶた　［中型種肉］　ロース　赤肉　生,131
＜畜肉類＞　ぶた　［中型種肉］　ロース　脂身　生,716
＜畜肉類＞　ぶた　［中型種肉］　ばら　脂身つき　生,398
＜畜肉類＞　ぶた　［中型種肉］　もも　脂身つき　生,211
＜畜肉類＞　ぶた　［中型種肉］　もも　皮下脂肪なし　生,153
＜畜肉類＞　ぶた　［中型種肉］　もも　赤肉　生,133
＜畜肉類＞　ぶた　［中型種肉］　もも　脂身　生,672
＜畜肉類＞　ぶた　［中型種肉］　そともも　脂身つき　生,252
＜畜肉類＞　ぶた　［中型種肉］　そともも　皮下脂肪なし　生,159
＜畜肉類＞　ぶた　［中型種肉］　そともも　赤肉　生,129
＜畜肉類＞　ぶた　［中型種肉］　そともも　脂身　生,660
＜畜肉類＞　ぶた　［中型種肉］　ヒレ　赤肉　生,105
＜畜肉類＞　ぶた　［ひき肉］　生,209
＜畜肉類＞　ぶた　［ひき肉］　焼き,289
＜畜肉類＞　ぶた　［副生物］　舌　生,205
＜畜肉類＞　ぶた　［副生物］　心臓　生,118
＜畜肉類＞　ぶた　［副生物］　肝臓　生,114
＜畜肉類＞　ぶた　［副生物］　じん臓　生,96
＜畜肉類＞　ぶた　［副生物］　胃　ゆで,111
＜畜肉類＞　ぶた　［副生物］　小腸　ゆで,159
＜畜肉類＞　ぶた　［副生物］　大腸　ゆで,166
＜畜肉類＞　ぶた　［副生物］　子宮　生,64
＜畜肉類＞　ぶた　［副生物］　豚足　ゆで,227
＜畜肉類＞　ぶた　［副生物］　軟骨　ゆで,229
＜畜肉類＞　ぶた　［ハム類］　骨付きハム,208
＜畜肉類＞　ぶた　［ハム類］　ボンレスハム,115
＜畜肉類＞　ぶた　［ハム類］　ロースハム　ロースハム,211
＜畜肉類＞　ぶた　［ハム類］　ロースハム　ゆで,233
＜畜肉類＞　ぶた　［ハム類］　ロースハム　焼き,240
＜畜肉類＞　ぶた　［ハム類］　ロースハム　フライ,432
＜畜肉類＞　ぶた　［ハム類］　ショルダーハム,221
＜畜肉類＞　ぶた　［ハム類］　生ハム　促成,243
＜畜肉類＞　ぶた　［ハム類］　生ハム　長期熟成,253
＜畜肉類＞　ぶた　［プレスハム類］　プレスハム,113
＜畜肉類＞　ぶた　［プレスハム類］　チョップドハム,132
＜畜肉類＞　ぶた　［ベーコン類］　ばらベーコン,400
＜畜肉類＞　ぶた　［ベーコン類］　ロースベーコン,202
＜畜肉類＞　ぶた　［ベーコン類］　ショルダーベーコン,178
＜畜肉類＞　ぶた　［ソーセージ類］　ウインナーソーセージ　ウインナーソーセージ,319
＜畜肉類＞　ぶた　［ソーセージ類］　ウインナーソーセージ　ゆで,328
＜畜肉類＞　ぶた　［ソーセージ類］　ウインナーソーセージ　焼き,345
＜畜肉類＞　ぶた　［ソーセージ類］　ウインナーソーセージ　フライ,376
＜畜肉類＞　ぶた　［ソーセージ類］　セミドライソーセージ,335
＜畜肉類＞　ぶた　［ソーセージ類］　ドライソーセージ,467
＜畜肉類＞　ぶた　［ソーセージ類］　フランクフルトソーセージ,295
＜畜肉類＞　ぶた　［ソーセージ類］　ボロニアソーセージ,242
＜畜肉類＞　ぶた　［ソーセージ類］　リオナソーセージ,188
＜畜肉類＞　ぶた　［ソーセージ類］　レバーソーセージ,324
＜畜肉類＞　ぶた　［ソーセージ類］　混合ソーセージ,231
＜畜肉類＞　ぶた　［ソーセージ類］　生ソーセージ,269
＜畜肉類＞　ぶた　［その他］　焼き豚,166
＜畜肉類＞　ぶた　［その他］　レバーペースト,370
＜畜肉類＞　ぶた　［その他］　スモークレバー,182
＜畜肉類＞　ぶた　［その他］　ゼラチン,347
＜畜肉類＞　めんよう　［マトン］　ロース　脂身つき　生,192
＜畜肉類＞　めんよう　［マトン］　ロース　脂身つき　焼き,305
＜畜肉類＞　めんよう　［マトン］　ロース　皮下脂肪なし　生,139
＜畜肉類＞　めんよう　［マトン］　もも　脂身つき　生,205
＜畜肉類＞　めんよう　［ラム］　かた　脂身つき　生,214
＜畜肉類＞　めんよう　［ラム］　ロース　脂身つき　生,287
＜畜肉類＞　めんよう　［ラム］　ロース　脂身つき　焼き,358
＜畜肉類＞　めんよう　［ラム］　ロース　皮下脂肪なし　生,128
＜畜肉類＞　めんよう　［ラム］　もも　脂身つき　生,164
＜畜肉類＞　めんよう　［ラム］　もも　脂身つき　焼き,267
＜畜肉類＞　めんよう　混合プレスハム,100
＜畜肉類＞　やぎ　肉　赤肉　生,99
＜鳥肉類＞　うずら　肉　皮つき　生,194
＜鳥肉類＞　がちょう　フォアグラ　ゆで,470
＜鳥肉類＞　かも　まがも　肉　皮なし　生,118
＜鳥肉類＞　かも　あいがも　肉　皮つき　生,304
＜鳥肉類＞　かも　あひる　肉　皮つき　生,237
＜鳥肉類＞　かも　あひる　肉　皮なし　生,94
＜鳥肉類＞　かも　あひる　皮　生,448
＜鳥肉類＞　きじ　肉　皮なし　生,101
＜鳥肉類＞　しちめんちょう　肉　皮なし　生,99
＜鳥肉類＞　すずめ　肉　骨・皮つき　生,114
＜鳥肉類＞　にわとり　［親・主品目］　手羽　皮つき　生,182
＜鳥肉類＞　にわとり　［親・主品目］　むね　皮つき　生,229
＜鳥肉類＞　にわとり　［親・主品目］　むね　皮なし　生,113
＜鳥肉類＞　にわとり　［親・主品目］　もも　皮つき　生,234
＜鳥肉類＞　にわとり　［親・主品目］　もも　皮なし　生,128
＜鳥肉類＞　にわとり　［親・副品目］　ささみ　生,107
＜鳥肉類＞　にわとり　［若どり・主品目］　手羽　皮つき　生,189
＜鳥肉類＞　にわとり　［若どり・主品目］　手羽さき　皮つき　生,207
＜鳥肉類＞　にわとり　［若どり・主品目］　手羽もと　皮つき　生,175
＜鳥肉類＞　にわとり　［若どり・主品目］　むね　皮つき　生,133
＜鳥肉類＞　にわとり　［若どり・主品目］　むね　皮つき　焼き,215
＜鳥肉類＞　にわとり　［若どり・主品目］　むね　皮なし　生,105
＜鳥肉類＞　にわとり　［若どり・主品目］　むね　皮なし　焼き,177
＜鳥肉類＞　にわとり　［若どり・主品目］　もも　皮つき　生,190
＜鳥肉類＞　にわとり　［若どり・主品目］　もも　皮つき　ゆで,216
＜鳥肉類＞　にわとり　［若どり・主品目］　もも　皮つき　焼き,220
＜鳥肉類＞　にわとり　［若どり・主品目］　もも　皮つき　から揚げ,307
＜鳥肉類＞　にわとり　［若どり・主品目］　もも　皮なし　生,113
＜鳥肉類＞　にわとり　［若どり・主品目］　もも　皮なし　ゆで,141
＜鳥肉類＞　にわとり　［若どり・主品目］　もも　皮なし　焼き,145
＜鳥肉類＞　にわとり　［若どり・主品目］　もも　皮なし　から揚げ,249
＜鳥肉類＞　にわとり　［若どり・副品目］　ささみ　生,98
＜鳥肉類＞　にわとり　［若どり・副品目］　ささみ　ゆで,121
＜鳥肉類＞　にわとり　［若どり・副品目］　ささみ　焼き,132
＜鳥肉類＞　にわとり　［若どり・副品目］　ささみ　ソテー,186
＜鳥肉類＞　にわとり　［若どり・副品目］　ささみ　フライ,246
＜鳥肉類＞　にわとり　［若どり・副品目］　ささみ　天ぷら,192
＜鳥肉類＞　にわとり　［二次品目］　ひき肉　生,171
＜鳥肉類＞　にわとり　［二次品目］　ひき肉　焼き,235
＜鳥肉類＞　にわとり　［副品目］　心臓　生,186
＜鳥肉類＞　にわとり　［副品目］　肝臓　生,100
＜鳥肉類＞　にわとり　［副品目］　すなぎも　生,86
＜鳥肉類＞　にわとり　［副品目］　皮　むね　生,466
＜鳥肉類＞　にわとり　［副品目］　皮　もも　生,474
＜鳥肉類＞　にわとり　［副品目］　なんこつ（胸肉）　生,54
＜鳥肉類＞　にわとり　［その他］　焼き鳥缶詰,173
＜鳥肉類＞　にわとり　［その他］　チキンナゲット,235
＜鳥肉類＞　にわとり　［その他］　つくね,235
＜鳥肉類＞　はと　肉　皮なし　生,131
＜鳥肉類＞　ほろほろちょう　肉　皮なし　生,98
＜その他＞　いなご　つくだ煮,243
＜その他＞　かえる　肉　生,92
＜その他＞　すっぽん　肉　生,175
＜その他＞　はち　はちの子缶詰,239
あひる卵　ピータン,188
うこっけい卵　全卵　生,154
うずら卵　全卵　生,157
うずら卵　水煮缶詰,162
鶏卵　全卵　生,142
鶏卵　全卵　ゆで,134
鶏卵　全卵　ポーチドエッグ,145
鶏卵　全卵　目玉焼き,205
鶏卵　全卵　いり,190
鶏卵　全卵　素揚げ,321
鶏卵　全卵　水煮缶詰,131
鶏卵　全卵　加糖全卵,199
鶏卵　全卵　乾燥全卵,542
鶏卵　卵黄　生,336
鶏卵　卵黄　ゆで,330
鶏卵　卵黄　加糖卵黄,327
鶏卵　卵黄　乾燥卵黄,638
鶏卵　卵白　生,44
鶏卵　卵白　ゆで,46
鶏卵　卵白　乾燥卵白,350
鶏卵　たまご豆腐,76
鶏卵　たまご焼　厚焼きたまご,146
鶏卵　たまご焼　だし巻きたまご,123
＜牛乳及び乳製品＞　（液状乳類）　生乳　ジャージー種,77
＜牛乳及び乳製品＞　（液状乳類）　生乳　ホルスタイン種,63
＜牛乳及び乳製品＞　（液状乳類）　普通牛乳,61
＜牛乳及び乳製品＞　（液状乳類）　脱脂乳,31
＜牛乳及び乳製品＞　（液状乳類）　加工乳　濃厚,70
＜牛乳及び乳製品＞　（液状乳類）　加工乳　低脂肪,42
＜牛乳及び乳製品＞　（液状乳類）　乳児用液体ミルク,66
＜牛乳及び乳製品＞　（液状乳類）　乳飲料　コーヒー,56
＜牛乳及び乳製品＞　（液状乳類）　乳飲料　フルーツ,46
＜牛乳及び乳製品＞　（粉乳類）　全粉乳,490
＜牛乳及び乳製品＞　（粉乳類）　脱脂粉乳,354
＜牛乳及び乳製品＞　（粉乳類）　乳児用調製粉乳,510
＜牛乳及び乳製品＞　（練乳類）　無糖練乳,135
＜牛乳及び乳製品＞　（練乳類）　加糖練乳,314
＜牛乳及び乳製品＞　（クリーム類）　クリーム　乳脂肪,404
＜牛乳及び乳製品＞　（クリーム類）　クリーム　乳脂肪・植物性脂肪,388
＜牛乳及び乳製品＞　（クリーム類）　クリーム　植物性脂肪,353
＜牛乳及び乳製品＞　（クリーム類）　ホイップクリーム　乳脂肪,409
＜牛乳及び乳製品＞　（クリーム類）　ホイップクリーム　乳脂肪・植物性脂肪,394
＜牛乳及び乳製品＞　（クリーム類）　ホイップクリーム　植物性脂肪,399
＜牛乳及び乳製品＞　（クリーム類）　コーヒーホワイトナー　液状　乳脂肪,205
＜牛乳及び乳製品＞　（クリーム類）　コーヒーホワイトナー　液状　乳脂肪・植物性脂肪,227
＜牛乳及び乳製品＞　（クリーム類）　コーヒーホワイトナー　液状　植物性脂肪,244
＜牛乳及び乳製品＞　（クリーム類）　コーヒーホワイトナー　粉末状　乳脂肪,504
＜牛乳及び乳製品＞　（クリーム類）　コーヒーホワイトナー　粉末状　植物性脂肪,542
＜牛乳及び乳製品＞　（発酵乳・乳酸菌飲料）　ヨーグルト　全脂無糖,56
＜牛乳及び乳製品＞　（発酵乳・乳酸菌飲料）　ヨーグルト　低脂肪無糖,40
＜牛乳及び乳製品＞　（発酵乳・乳酸菌飲料）　ヨーグルト　無脂肪無糖,37
＜牛乳及び乳製品＞　（発酵乳・乳酸菌飲料）　ヨーグルト　脱脂加糖,65
＜牛乳及び乳製品＞　（発酵乳・乳酸菌飲料）　ヨーグルト　ドリンクタイプ　加糖,64
＜牛乳及び乳製品＞　（発酵乳・乳酸菌飲料）　乳酸菌飲料　乳製品,64
＜牛乳及び乳製品＞　（発酵乳・乳酸菌飲料）　乳酸菌飲料　殺菌乳製品,217
＜牛乳及び乳製品＞　（発酵乳・乳酸菌飲料）　乳酸菌飲料　非乳製品,39
＜牛乳及び乳製品＞　（チーズ類）　ナチュラルチーズ　エダム,321
＜牛乳及び乳製品＞　（チーズ類）　ナチュラルチーズ　エメンタール,398
＜牛乳及び乳製品＞　（チーズ類）　ナチュラルチーズ　カテージ,99
＜牛乳及び乳製品＞　（チーズ類）　ナチュラルチーズ　カマンベール,291
＜牛乳及び乳製品＞　（チーズ類）　ナチュラルチーズ　クリーム,313
＜牛乳及び乳製品＞　（チーズ類）　ナチュラルチーズ　ゴーダ,356
＜牛乳及び乳製品＞　（チーズ類）　ナチュラルチーズ　チェダー,390
＜牛乳及び乳製品＞　（チーズ類）　ナチュラルチーズ　パルメザン,445
＜牛乳及び乳製品＞　（チーズ類）　ナチュラルチーズ　ブルー,326
＜牛乳及び乳製品＞　（チーズ類）　ナチュラルチーズ　マスカルポーネ,273
＜牛乳及び乳製品＞　（チーズ類）　ナチュラルチーズ　モッツァレラ,269
＜牛乳及び乳製品＞　（チーズ類）　ナチュラルチーズ　やぎ,280
＜牛乳及び乳製品＞　（チーズ類）　ナチュラルチーズ　リコッタ,159
＜牛乳及び乳製品＞　（チーズ類）　プロセスチーズ,313
＜牛乳及び乳製品＞　（チーズ類）　チーズスプレッド,284
＜牛乳及び乳製品＞　（アイスクリーム類）　アイスクリーム　高脂肪,205
＜牛乳及び乳製品＞　（アイスクリーム類）　アイスクリーム　普通脂肪,178
＜牛乳及び乳製品＞　（アイスクリーム類）　アイスミルク,167
＜牛乳及び乳製品＞　（アイスクリーム類）　ラクトアイス　普通脂肪,217
＜牛乳及び乳製品＞　（アイスクリーム類）　ラクトアイス　低脂肪,108
＜牛乳及び乳製品＞　（アイスクリーム類）　ソフトクリーム,146
＜牛乳及び乳製品＞　（その他）　カゼイン,358
＜牛乳及び乳製品＞　（その他）　シャーベット,128
＜牛乳及び乳製品＞　（その他）　チーズホエーパウダー,339
＜その他＞　人乳,61
＜その他＞　やぎ乳,57
（植物油脂類）　あまに油,897
（植物油脂類）　えごま油,897
（植物油脂類）　オリーブ油,894
（植物油脂類）　ごま油,890
（植物油脂類）　米ぬか油,880
（植物油脂類）　サフラワー油　ハイオレイック,892
（植物油脂類）　サフラワー油　ハイリノール,883
（植物油脂類）　大豆油,885
（植物油脂類）　調合油,886
（植物油脂類）　とうもろこし油,884
（植物油脂類）　なたね油,887
（植物油脂類）　パーム油,887
（植物油脂類）　パーム核油,893
（植物油脂類）　ひまわり油　ハイリノール,899
（植物油脂類）　ひまわり油　ミッドオレイック,892
（植物油脂類）　ひまわり油　ハイオレイック,899
（植物油脂類）　ぶどう油,882
（植物油脂類）　綿実油,883
（植物油脂類）　やし油,889
（植物油脂類）　落花生油,882
（動物油脂類）　牛脂,869
（動物油脂類）　たらのあぶら,853
（動物油脂類）　ラード,885
（バター類）　無発酵バター　有塩バター,700
（バター類）　無発酵バター　食塩不使用バター,720
（バター類）　発酵バター　有塩バター,713
（マーガリン類）　マーガリン　家庭用　有塩,715
（マーガリン類）　マーガリン　家庭用　無塩,715
（マーガリン類）　マーガリン　業務用　有塩,740
（マーガリン類）　マーガリン　業務用　無塩,740
（マーガリン類）　ファットスプレッド,579
（その他）　ショートニング　家庭用,889
（その他）　ショートニング　業務用　製菓,881
（その他）　ショートニング　業務用　フライ,886
＜和生菓子・和半生菓子類＞　甘納豆　あずき,283
＜和生菓子・和半生菓子類＞　甘納豆　いんげんまめ,288
＜和生菓子・和半生菓子類＞　甘納豆　えんどう,293
＜和生菓子・和半生菓子類＞　今川焼　こしあん入り,217
＜和生菓子・和半生菓子類＞　今川焼　つぶしあん入り,220
＜和生菓子・和半生菓子類＞　今川焼　カスタードクリーム入り,224
＜和生菓子・和半生菓子類＞　ういろう　白,181
＜和生菓子・和半生菓子類＞　ういろう　黒,174
＜和生菓子・和半生菓子類＞　うぐいすもち　こしあん入り,236
＜和生菓子・和半生菓子類＞　うぐいすもち　つぶしあん入り,237
＜和生菓子・和半生菓子類＞　かしわもち　こしあん入り,203
＜和生菓子・和半生菓子類＞　かしわもち　つぶしあん入り,204
＜和生菓子・和半生菓子類＞　カステラ,313
＜和生菓子・和半生菓子類＞　かのこ,260
＜和生菓子・和半生菓子類＞　かるかん,226
＜和生菓子・和半生菓子類＞　きび団子,298
＜和生菓子・和半生菓子類＞　ぎゅうひ,253
＜和生菓子・和半生菓子類＞　きりざんしょ,245
＜和生菓子・和半生菓子類＞　きんぎょく糖,282
＜和生菓子・和半生菓子類＞　きんつば,260
＜和生菓子・和半生菓子類＞　草もち　こしあん入り,224
＜和生菓子・和半生菓子類＞　草もち　つぶしあん入り,227
＜和生菓子・和半生菓子類＞　くし団子　あん　こしあん入り,198
＜和生菓子・和半生菓子類＞　くし団子　あん　つぶしあん入り,199
＜和生菓子・和半生菓子類＞　くし団子　みたらし,194
＜和生菓子・和半生菓子類＞　くずもち　関西風　くずでん粉製品,93
＜和生菓子・和半生菓子類＞　くずもち　関東風　小麦でん粉製品,94
＜和生菓子・和半生菓子類＞　げっぺい,348
＜和生菓子・和半生菓子類＞　五平もち,178
＜和生菓子・和半生菓子類＞　桜もち　関西風　こしあん入り,196
＜和生菓子・和半生菓子類＞　桜もち　関西風　つぶしあん入り,197
＜和生菓子・和半生菓子類＞　桜もち　関東風　こしあん入り,235
＜和生菓子・和半生菓子類＞　桜もち　関東風　つぶしあん入り,237
＜和生菓子・和半生菓子類＞　笹だんご　こしあん入り,227
＜和生菓子・和半生菓子類＞　笹だんご　つぶしあん入り,228
＜和生菓子・和半生菓子類＞　ずんだあん,190
＜和生菓子・和半生菓子類＞　ずんだもち,212
＜和生菓子・和半生菓子類＞　大福もち　こしあん入り,223
＜和生菓子・和半生菓子類＞　大福もち　つぶしあん入り,223
＜和生菓子・和半生菓子類＞　タルト　（和菓子）,288
＜和生菓子・和半生菓子類＞　ちまき,150
＜和生菓子・和半生菓子類＞　ちゃつう,320
＜和生菓子・和半生菓子類＞　どら焼　こしあん入り,282
＜和生菓子・和半生菓子類＞　どら焼　つぶしあん入り,292
＜和生菓子・和半生菓子類＞　生八つ橋　あん入り　こしあん入り,274
＜和生菓子・和半生菓子類＞　生八つ橋　あん入り　こしあん・つぶしあん混合,274
＜和生菓子・和半生菓子類＞　生八つ橋　あん入り　つぶしあん入り,275
＜和生菓子・和半生菓子類＞　ねりきり,259
＜和生菓子・和半生菓子類＞　まんじゅう　カステラまんじゅう　こしあん入り,292
＜和生菓子・和半生菓子類＞　まんじゅう　カステラまんじゅう　つぶしあん入り,292
＜和生菓子・和半生菓子類＞　まんじゅう　かるかんまんじゅう　こしあん入り,226
＜和生菓子・和半生菓子類＞　まんじゅう　かるかんまんじゅう　つぶしあん入り,226
＜和生菓子・和半生菓子類＞　まんじゅう　くずまんじゅう　こしあん入り,216
＜和生菓子・和半生菓子類＞　まんじゅう　くずまんじゅう　つぶしあん入り,218
＜和生菓子・和半生菓子類＞　まんじゅう　くりまんじゅう　こしあん入り,296
＜和生菓子・和半生菓子類＞　まんじゅう　くりまんじゅう　つぶしあん入り,295
＜和生菓子・和半生菓子類＞　まんじゅう　とうまんじゅう　こしあん入り,299
＜和生菓子・和半生菓子類＞　まんじゅう　とうまんじゅう　つぶしあん入り,294
＜和生菓子・和半生菓子類＞　まんじゅう　蒸しまんじゅう　こしあん入り,254
＜和生菓子・和半生菓子類＞　まんじゅう　蒸しまんじゅう　つぶしあん入り,257
＜和生菓子・和半生菓子類＞　まんじゅう　中華まんじゅう　あんまん　こしあん入り,273
＜和生菓子・和半生菓子類＞　まんじゅう　中華まんじゅう　あんまん　つぶしあん入り,279
＜和生菓子・和半生菓子類＞　まんじゅう　中華まんじゅう　肉まん,242
＜和生菓子・和半生菓子類＞　もなか　こしあん入り,277
＜和生菓子・和半生菓子類＞　もなか　つぶしあん入り,278
＜和生菓子・和半生菓子類＞　ゆべし,321
＜和生菓子・和半生菓子類＞　ようかん　練りようかん,289
＜和生菓子・和半生菓子類＞　ようかん　水ようかん,168
＜和生菓子・和半生菓子類＞　ようかん　蒸しようかん,237
＜和干菓子類＞　あめ玉,385
＜和干菓子類＞　芋かりんとう,465
＜和干菓子類＞　おこし,376
＜和干菓子類＞　おのろけ豆,438
＜和干菓子類＞　かりんとう　黒,420
＜和干菓子類＞　かりんとう　白,423
＜和干菓子類＞　ごかぼう,367
＜和干菓子類＞　小麦粉せんべい　磯部せんべい,377
＜和干菓子類＞　小麦粉せんべい　かわらせんべい,390
＜和干菓子類＞　小麦粉せんべい　巻きせんべい,386
＜和干菓子類＞　小麦粉せんべい　南部せんべい　ごま入り,423
＜和干菓子類＞　小麦粉せんべい　南部せんべい　落花生入り,421
＜和干菓子類＞　しおがま,348
＜和干菓子類＞　ひなあられ　関西風,385
＜和干菓子類＞　ひなあられ　関東風,380
＜和干菓子類＞　米菓　揚げせんべい,458
＜和干菓子類＞　米菓　甘辛せんべい,374
＜和干菓子類＞　米菓　あられ,378
＜和干菓子類＞　米菓　しょうゆせんべい,368
＜和干菓子類＞　ボーロ　小粒,391
＜和干菓子類＞　ボーロ　そばボーロ,398
＜和干菓子類＞　松風,378
＜和干菓子類＞　みしま豆,402
＜和干菓子類＞　八つ橋,390
＜和干菓子類＞　らくがん　らくがん,384
＜和干菓子類＞　らくがん　麦らくがん,396
＜和干菓子類＞　らくがん　もろこしらくがん,374
＜菓子パン類＞　揚げパン,369
＜菓子パン類＞　あんパン　こしあん入り,267
＜菓子パン類＞　あんパン　つぶしあん入り,266
＜菓子パン類＞　あんパン　薄皮タイプ　こしあん入り,256
＜菓子パン類＞　あんパン　薄皮タイプ　つぶしあん入り,258
＜菓子パン類＞　カレーパン　皮及び具,302
＜菓子パン類＞　カレーパン　皮のみ,363
＜菓子パン類＞　カレーパン　具のみ,168
＜菓子パン類＞　クリームパン,286
＜菓子パン類＞　クリームパン　薄皮タイプ,218
＜菓子パン類＞　ジャムパン,285
＜菓子パン類＞　チョココロネ,320
＜菓子パン類＞　チョコパン　薄皮タイプ,340
＜菓子パン類＞　メロンパン,349
＜菓子パン類＞　菓子パン　あんなし,294
＜ケーキ・ペストリー類＞　シュークリーム,211
＜ケーキ・ペストリー類＞　スポンジケーキ,283
＜ケーキ・ペストリー類＞　ショートケーキ　果実なし,318
＜ケーキ・ペストリー類＞　ショートケーキ　いちご,314
＜ケーキ・ペストリー類＞　タルト　（洋菓子）,247
＜ケーキ・ペストリー類＞　チーズケーキ　ベイクドチーズケーキ,299
＜ケーキ・ペストリー類＞　チーズケーキ　レアチーズケーキ,349
＜ケーキ・ペストリー類＞　デニッシュペストリー　アメリカンタイプ　プレーン,382
＜ケーキ・ペストリー類＞　デニッシュペストリー　デンマークタイプ　プレーン　,440
＜ケーキ・ペストリー類＞　デニッシュペストリー　アメリカンタイプ　あん入り　こしあん,330
＜ケーキ・ペストリー類＞　デニッシュペストリー　アメリカンタイプ　あん入り　つぶしあん,323
＜ケーキ・ペストリー類＞　デニッシュペストリー　デンマークタイプ　あん入り　こしあん,384
＜ケーキ・ペストリー類＞　デニッシュペストリー　デンマークタイプ　あん入り　つぶしあん,387
＜ケーキ・ペストリー類＞　デニッシュペストリー　アメリカンタイプ　あん入り　カスタードクリーム,304
＜ケーキ・ペストリー類＞　デニッシュペストリー　デンマークタイプ　あん入り　カスタードクリーム,417
＜ケーキ・ペストリー類＞　ドーナッツ　イーストドーナッツ　プレーン,379
＜ケーキ・ペストリー類＞　ドーナッツ　イーストドーナッツ　あん入り　こしあん,341
＜ケーキ・ペストリー類＞　ドーナッツ　イーストドーナッツ　あん入り　つぶしあん,341
＜ケーキ・ペストリー類＞　ドーナッツ　イーストドーナッツ　あん入り　カスタードクリーム,371
＜ケーキ・ペストリー類＞　ドーナッツ　ケーキドーナッツ　プレーン,367
＜ケーキ・ペストリー類＞　ドーナッツ　ケーキドーナッツ　あん入り　こしあん,353
＜ケーキ・ペストリー類＞　ドーナッツ　ケーキドーナッツ　あん入り　つぶしあん,355
＜ケーキ・ペストリー類＞　ドーナッツ　ケーキドーナッツ　あん入り　カスタードクリーム,375
＜ケーキ・ペストリー類＞　パイ　パイ皮,373
＜ケーキ・ペストリー類＞　パイ　アップルパイ,294
＜ケーキ・ペストリー類＞　パイ　ミートパイ,381
＜ケーキ・ペストリー類＞　バターケーキ,422
＜ケーキ・ペストリー類＞　ホットケーキ,253
＜ケーキ・ペストリー類＞　ワッフル　カスタードクリーム入り,241
＜ケーキ・ペストリー類＞　ワッフル　ジャム入り,279
＜デザート菓子類＞　カスタードプリン,116
＜デザート菓子類＞　牛乳寒天,61
＜デザート菓子類＞　こんにゃくゼリー,65
＜デザート菓子類＞　ゼリー　オレンジ,80
＜デザート菓子類＞　ゼリー　コーヒー,43
＜デザート菓子類＞　ゼリー　ミルク,103
＜デザート菓子類＞　ゼリー　ワイン,65
＜デザート菓子類＞　ババロア,204
＜ビスケット類＞　ウエハース,439
＜ビスケット類＞　ウエハース　クリーム入り,492
＜ビスケット類＞　クラッカー　オイルスプレークラッカー,481
＜ビスケット類＞　クラッカー　ソーダクラッカー,421
＜ビスケット類＞　サブレ,459
＜ビスケット類＞　中華風クッキー,513
＜ビスケット類＞　ビスケット　ハードビスケット,422
＜ビスケット類＞　ビスケット　ソフトビスケット,512
＜ビスケット類＞　プレッツェル,465
＜ビスケット類＞　リーフパイ,558
＜ビスケット類＞　ロシアケーキ,486
＜スナック類＞　小麦粉あられ,472
＜スナック類＞　コーンスナック,516
＜スナック類＞　ポテトチップス　ポテトチップス,541
＜スナック類＞　ポテトチップス　成形ポテトチップス,515
＜キャンデー類＞　かわり玉,392
＜キャンデー類＞　キャラメル,426
＜キャンデー類＞　ゼリーキャンデー,334
＜キャンデー類＞　ゼリービーンズ,358
＜キャンデー類＞　ドロップ,389
＜キャンデー類＞　バタースコッチ,414
＜キャンデー類＞　ブリットル,506
＜キャンデー類＞　マシュマロ,324
＜キャンデー類＞　ラムネ,373
＜チョコレート類＞　アーモンドチョコレート,562
＜チョコレート類＞　カバーリングチョコレート,488
＜チョコレート類＞　ホワイトチョコレート,588
＜チョコレート類＞　ミルクチョコレート,550
＜果実菓子類＞　マロングラッセ,303
＜チューインガム類＞　板ガム,388
＜チューインガム類＞　糖衣ガム,390
＜チューインガム類＞　風船ガム,387
＜その他＞　カスタードクリーム,174
＜その他＞　しるこ　こしあん,211
＜その他＞　しるこ　つぶしあん,179
＜その他＞　チョコレートクリーム,481
＜アルコール飲料類＞　（醸造酒類）　清酒　普通酒,107
＜アルコール飲料類＞　（醸造酒類）　清酒　純米酒,102
＜アルコール飲料類＞　（醸造酒類）　清酒　本醸造酒,106
＜アルコール飲料類＞　（醸造酒類）　清酒　吟醸酒,103
＜アルコール飲料類＞　（醸造酒類）　清酒　純米吟醸酒,102
＜アルコール飲料類＞　（醸造酒類）　ビール　淡色,39
＜アルコール飲料類＞　（醸造酒類）　ビール　黒,45
＜アルコール飲料類＞　（醸造酒類）　ビール　スタウト,62
＜アルコール飲料類＞　（醸造酒類）　発泡酒,44
＜アルコール飲料類＞　（醸造酒類）　ぶどう酒　白,75
＜アルコール飲料類＞　（醸造酒類）　ぶどう酒　赤,68
＜アルコール飲料類＞　（醸造酒類）　ぶどう酒　ロゼ,71
＜アルコール飲料類＞　（醸造酒類）　紹興酒,126
＜アルコール飲料類＞　（蒸留酒類）　しょうちゅう　連続式蒸留しょうちゅう,203
＜アルコール飲料類＞　（蒸留酒類）　しょうちゅう　単式蒸留しょうちゅう,144
＜アルコール飲料類＞　（蒸留酒類）　しょうちゅう　泡盛,206
＜アルコール飲料類＞　（蒸留酒類）　ウイスキー,234
＜アルコール飲料類＞　（蒸留酒類）　ブランデー,234
＜アルコール飲料類＞　（蒸留酒類）　ウオッカ,237
＜アルコール飲料類＞　（蒸留酒類）　ジン,280
＜アルコール飲料類＞　（蒸留酒類）　ラム,237
＜アルコール飲料類＞　（蒸留酒類）　マオタイ酒,317
＜アルコール飲料類＞　（混成酒類）　梅酒,155
＜アルコール飲料類＞　（混成酒類）　合成清酒,108
＜アルコール飲料類＞　（混成酒類）　白酒,236
＜アルコール飲料類＞　（混成酒類）　みりん　本みりん,241
＜アルコール飲料類＞　（混成酒類）　みりん　本直し,179
＜アルコール飲料類＞　（混成酒類）　薬味酒,181
＜アルコール飲料類＞　（混成酒類）　キュラソー,319
＜アルコール飲料類＞　（混成酒類）　スイートワイン,125
＜アルコール飲料類＞　（混成酒類）　ペパーミント,300
＜アルコール飲料類＞　（混成酒類）　ベルモット　甘口タイプ,151
＜アルコール飲料類＞　（混成酒類）　ベルモット　辛口タイプ,113
＜アルコール飲料類＞　（混成酒類）　缶チューハイ　レモン風味,51
＜茶類＞　（緑茶類）　玉露　茶,241
＜茶類＞　（緑茶類）　玉露　浸出液,5
＜茶類＞　（緑茶類）　抹茶　茶,237
＜茶類＞　（緑茶類）　せん茶　茶,229
＜茶類＞　（緑茶類）　せん茶　浸出液,2
＜茶類＞　（緑茶類）　かまいり茶　浸出液,1
＜茶類＞　（緑茶類）　番茶　浸出液,0
＜茶類＞　（緑茶類）　ほうじ茶　浸出液,0
＜茶類＞　（緑茶類）　玄米茶　浸出液,0
＜茶類＞　（発酵茶類）　ウーロン茶　浸出液,0
＜茶類＞　（発酵茶類）　紅茶　茶,234
＜茶類＞　（発酵茶類）　紅茶　浸出液,1
＜コーヒー・ココア類＞　コーヒー　浸出液,4
＜コーヒー・ココア類＞　コーヒー　インスタントコーヒー,287
＜コーヒー・ココア類＞　コーヒー　コーヒー飲料　乳成分入り　加糖,38
＜コーヒー・ココア類＞　ココア　ピュアココア,386
＜コーヒー・ココア類＞　ココア　ミルクココア,400
＜その他＞　青汁　ケール,312
＜その他＞　甘酒,76
＜その他＞　昆布茶,173
＜その他＞　スポーツドリンク,21
＜その他＞　（炭酸飲料類）　果実色飲料,51
＜その他＞　（炭酸飲料類）　コーラ,46
＜その他＞　（炭酸飲料類）　サイダー,41
＜その他＞　（炭酸飲料類）　ビール風味炭酸飲料,5
＜その他＞　なぎなたこうじゅ　浸出液,0
＜その他＞　麦茶　浸出液,1
＜調味料類＞　（ウスターソース類）　ウスターソース,117
＜調味料類＞　（ウスターソース類）　中濃ソース,129
＜調味料類＞　（ウスターソース類）　濃厚ソース,130
＜調味料類＞　（ウスターソース類）　お好み焼きソース,144
＜調味料類＞　（辛味調味料類）　トウバンジャン,49
＜調味料類＞　（辛味調味料類）　チリペッパーソース,58
＜調味料類＞　（辛味調味料類）　ラー油,887
＜調味料類＞　（しょうゆ類）　こいくちしょうゆ,76
＜調味料類＞　（しょうゆ類）　こいくちしょうゆ　減塩,68
＜調味料類＞　（しょうゆ類）　うすくちしょうゆ,60
＜調味料類＞　（しょうゆ類）　うすくちしょうゆ　低塩,77
＜調味料類＞　（しょうゆ類）　たまりしょうゆ,111
＜調味料類＞　（しょうゆ類）　さいしこみしょうゆ,101
＜調味料類＞　（しょうゆ類）　しろしょうゆ,86
＜調味料類＞　（しょうゆ類）　だししょうゆ,39
＜調味料類＞　（しょうゆ類）　照りしょうゆ,172
＜調味料類＞　（食塩類）　食塩,0
＜調味料類＞　（食塩類）　並塩,0
＜調味料類＞　（食塩類）　減塩タイプ食塩　調味料含む,50
＜調味料類＞　（食塩類）　減塩タイプ食塩　調味料不使用,0
＜調味料類＞　（食塩類）　精製塩　家庭用,0
＜調味料類＞　（食塩類）　精製塩　業務用,0
＜調味料類＞　（食酢類）　黒酢,54
＜調味料類＞　（食酢類）　穀物酢,25
＜調味料類＞　（食酢類）　米酢,46
＜調味料類＞　（食酢類）　果実酢　バルサミコ酢,99
＜調味料類＞　（食酢類）　果実酢　ぶどう酢,22
＜調味料類＞　（食酢類）　果実酢　りんご酢,26
＜調味料類＞　（だし類）　あごだし,0
＜調味料類＞　（だし類）　かつおだし　荒節,2
＜調味料類＞　（だし類）　かつおだし　本枯れ節,2
＜調味料類＞　（だし類）　昆布だし　水出し,4
＜調味料類＞　（だし類）　昆布だし　煮出し,5
＜調味料類＞　（だし類）　かつお・昆布だし　荒節・昆布だし,2
＜調味料類＞　（だし類）　かつお・昆布だし　本枯れ節・昆布だし,2
＜調味料類＞　（だし類）　しいたけだし,4
＜調味料類＞　（だし類）　煮干しだし,1
＜調味料類＞　（だし類）　鶏がらだし,7
＜調味料類＞　（だし類）　中華だし,3
＜調味料類＞　（だし類）　洋風だし,6
＜調味料類＞　（だし類）　固形ブイヨン,233
＜調味料類＞　（だし類）　顆粒おでん用,166
＜調味料類＞　（だし類）　顆粒中華だし,210
＜調味料類＞　（だし類）　顆粒和風だし,223
＜調味料類＞　（だし類）　なべつゆ　ストレート　しょうゆ味,20
＜調味料類＞　（だし類）　めんつゆ　ストレート,44
＜調味料類＞　（だし類）　めんつゆ　二倍濃縮,71
＜調味料類＞　（だし類）　めんつゆ　三倍濃縮,98
＜調味料類＞　（だし類）　ラーメンスープ　濃縮　しょうゆ味　ストレートしょうゆ味,157
＜調味料類＞　（だし類）　ラーメンスープ　濃縮　みそ味　ストレートみそ味,187
＜調味料類＞　（調味ソース類）　甘酢,116
＜調味料類＞　（調味ソース類）　エビチリの素,54
＜調味料類＞　（調味ソース類）　オイスターソース,105
＜調味料類＞　（調味ソース類）　黄身酢,219
＜調味料類＞　（調味ソース類）　魚醤油　いかなごしょうゆ,64
＜調味料類＞　（調味ソース類）　魚醤油　いしる　（いしり）,67
＜調味料類＞　（調味ソース類）　魚醤油　しょっつる,29
＜調味料類＞　（調味ソース類）　魚醤油　ナンプラー,47
＜調味料類＞　（調味ソース類）　ごま酢,212
＜調味料類＞　（調味ソース類）　ごまだれ,282
＜調味料類＞　（調味ソース類）　三杯酢,85
＜調味料類＞　（調味ソース類）　二杯酢,59
＜調味料類＞　（調味ソース類）　すし酢　ちらし・稲荷用,150
＜調味料類＞　（調味ソース類）　すし酢　にぎり用,70
＜調味料類＞　（調味ソース類）　すし酢　巻き寿司・箱寿司用,107
＜調味料類＞　（調味ソース類）　中華風合わせ酢,153
＜調味料類＞　（調味ソース類）　デミグラスソース,82
＜調味料類＞　（調味ソース類）　テンメンジャン,249
＜調味料類＞　（調味ソース類）　冷やし中華のたれ,114
＜調味料類＞　（調味ソース類）　ホワイトソース,99
＜調味料類＞　（調味ソース類）　ぽん酢しょうゆ,49
＜調味料類＞　（調味ソース類）　ぽん酢しょうゆ　市販品,59
＜調味料類＞　（調味ソース類）　マーボー豆腐の素,115
＜調味料類＞　（調味ソース類）　マリネ液,66
＜調味料類＞　（調味ソース類）　ミートソース,96
＜調味料類＞　（調味ソース類）　焼きそば粉末ソース,248
＜調味料類＞　（調味ソース類）　焼き鳥のたれ,131
＜調味料類＞　（調味ソース類）　焼き肉のたれ,164
＜調味料類＞　（調味ソース類）　みたらしのたれ,127
＜調味料類＞　（調味ソース類）　ゆずこしょう,37
＜調味料類＞　（トマト加工品類）　トマトピューレー,44
＜調味料類＞　（トマト加工品類）　トマトペースト,94
＜調味料類＞　（トマト加工品類）　トマトケチャップ,104
＜調味料類＞　（トマト加工品類）　トマトソース,41
＜調味料類＞　（トマト加工品類）　チリソース,112
＜調味料類＞　（ドレッシング類）　半固形状ドレッシング　マヨネーズ　全卵型,668
＜調味料類＞　（ドレッシング類）　半固形状ドレッシング　マヨネーズ　卵黄型,668
＜調味料類＞　（ドレッシング類）　半固形状ドレッシング　マヨネーズタイプ調味料　低カロリータイプ,262
＜調味料類＞　（ドレッシング類）　分離液状ドレッシング　フレンチドレッシング　分離液状,325
＜調味料類＞　（ドレッシング類）　分離液状ドレッシング　和風ドレッシング　分離液状,179
＜調味料類＞　（ドレッシング類）　分離液状ドレッシング　和風ドレッシングタイプ調味料　ノンオイルタイプ,83
＜調味料類＞　（ドレッシング類）　乳化液状ドレッシング　ごまドレッシング,399
＜調味料類＞　（ドレッシング類）　乳化液状ドレッシング　サウザンアイランドドレッシング,392
＜調味料類＞　（ドレッシング類）　乳化液状ドレッシング　フレンチドレッシング　乳化液状,376
＜調味料類＞　（みそ類）　米みそ　甘みそ,206
＜調味料類＞　（みそ類）　米みそ　淡色辛みそ,182
＜調味料類＞　（みそ類）　米みそ　赤色辛みそ,178
＜調味料類＞　（みそ類）　米みそ　だし入りみそ,167
＜調味料類＞　（みそ類）　米みそ　だし入りみそ　減塩,164
＜調味料類＞　（みそ類）　麦みそ,184
＜調味料類＞　（みそ類）　豆みそ,207
＜調味料類＞　（みそ類）　減塩みそ,190
＜調味料類＞　（みそ類）　即席みそ　粉末タイプ,321
＜調味料類＞　（みそ類）　即席みそ　ペーストタイプ,122
＜調味料類＞　（みそ類）　辛子酢みそ,216
＜調味料類＞　（みそ類）　ごまみそ,245
＜調味料類＞　（みそ類）　酢みそ,211
＜調味料類＞　（みそ類）　練りみそ,267
＜調味料類＞　（ルウ類）　カレールウ,474
＜調味料類＞　（ルウ類）　ハヤシルウ,501
＜調味料類＞　（その他）　お茶漬けの素　さけ,251
＜調味料類＞　（その他）　キムチの素,125
＜調味料類＞　（その他）　酒かす,215
＜調味料類＞　（その他）　即席すまし汁,194
＜調味料類＞　（その他）　ふりかけ　たまご,428
＜調味料類＞　（その他）　みりん風調味料,225
＜調味料類＞　（その他）　料理酒,88
＜香辛料類＞　オールスパイス　粉,364
＜香辛料類＞　オニオンパウダー,363
＜香辛料類＞　からし　粉,435
＜香辛料類＞　からし　練り,314
＜香辛料類＞　からし　練りマスタード,175
＜香辛料類＞　からし　粒入りマスタード,229
＜香辛料類＞　カレー粉,338
＜香辛料類＞　クローブ　粉,398
＜香辛料類＞　こしょう　黒　粉,362
＜香辛料類＞　こしょう　白　粉,376
＜香辛料類＞　こしょう　混合　粉,369
＜香辛料類＞　さんしょう　粉,375
＜香辛料類＞　シナモン　粉,356
＜香辛料類＞　しょうが　粉,365
＜香辛料類＞　しょうが　おろし,41
＜香辛料類＞　セージ　粉,377
＜香辛料類＞　タイム　粉,342
＜香辛料類＞　チリパウダー,374
＜香辛料類＞　とうがらし　粉,412
＜香辛料類＞　ナツメグ　粉,520
＜香辛料類＞　にんにく　ガーリックパウダー　食塩無添加,380
＜香辛料類＞　にんにく　ガーリックパウダー　食塩添加,382
＜香辛料類＞　にんにく　おろし,170
＜香辛料類＞　バジル　粉,307
＜香辛料類＞　パセリ　乾,341
＜香辛料類＞　パプリカ　粉,385
＜香辛料類＞　わさび　粉　からし粉入り,384
＜香辛料類＞　わさび　練り,265
＜その他＞　酵母　パン酵母　圧搾,105
＜その他＞　酵母　パン酵母　乾燥,307
＜その他＞　ベーキングパウダー,150
和風料理　和え物類　青菜の白和え,81
和風料理　和え物類　いんげんのごま和え,77
和風料理　和え物類　わかめとねぎの酢みそ和え,85
和風料理　汁物類　とん汁,26
和風料理　酢の物類　紅白なます,34
和風料理　煮物類　卯の花いり,84
和風料理　煮物類　親子丼の具,101
和風料理　煮物類　牛飯の具,122
和風料理　煮物類　切り干し大根の煮物,48
和風料理　煮物類　きんぴらごぼう,84
和風料理　煮物類　ぜんまいのいため煮,80
和風料理　煮物類　筑前煮,85
和風料理　煮物類　肉じゃが,78
和風料理　煮物類　ひじきのいため煮,75
和風料理　その他　アジの南蛮漬け,109
和風料理　その他　松前漬け　しょうゆ漬,166
洋風料理　カレー類　チキンカレー,131
洋風料理　カレー類　ビーフカレー,119
洋風料理　カレー類　ポークカレー,116
洋風料理　コロッケ類　カニクリームコロッケ,255
洋風料理　コロッケ類　コーンクリームコロッケ,245
洋風料理　コロッケ類　ポテトコロッケ,226
洋風料理　シチュー類　チキンシチュー,124
洋風料理　シチュー類　ビーフシチュー,153
洋風料理　素揚げ類　ミートボール,199
洋風料理　スープ類　かぼちゃのクリームスープ,73
洋風料理　スープ類　コーンクリームスープ　コーンクリームスープ,62
洋風料理　スープ類　コーンクリームスープ　粉末タイプ,425
洋風料理　ハンバーグステーキ類　合いびきハンバーグ,197
洋風料理　ハンバーグステーキ類　チキンハンバーグ,171
洋風料理　ハンバーグステーキ類　豆腐ハンバーグ,142
洋風料理　フライ類　いかフライ,227
洋風料理　フライ類　えびフライ,236
洋風料理　フライ類　白身フライ,299
洋風料理　フライ類　メンチカツ,273
洋風料理　フライ用冷凍食品　いかフライ　冷凍,146
洋風料理　フライ用冷凍食品　えびフライ　冷凍,139
洋風料理　フライ用冷凍食品　コロッケ　クリームコロッケ　冷凍,159
洋風料理　フライ用冷凍食品　コロッケ　ポテトコロッケ　冷凍,157
洋風料理　フライ用冷凍食品　白身フライ　冷凍,148
洋風料理　フライ用冷凍食品　メンチカツ　冷凍,196
洋風料理　その他　えびグラタン,128
洋風料理　その他　えびピラフ,146
中国料理　点心類　ぎょうざ,209
中国料理　点心類　しゅうまい,191
中国料理　点心類　中華ちまき,174
中国料理　菜類　酢豚,77
中国料理　菜類　八宝菜,64
中国料理　菜類　麻婆豆腐,104
韓国料理　和え物類　もやしのナムル,70
